店舗名,住所,緯度,経度
BOOKOFF 20号西八王子店,東京都八王子市千人町3-18-24,35.6586961,139.3139627
BOOKOFF 246三軒茶屋店,東京都世田谷区太子堂1-12-27,35.6470592,139.6699374
BOOKOFF 246川崎梶ヶ谷店,神奈川県川崎市高津区下作延3-7-7,35.5919222,139.596701
BOOKOFF FASHION 立川栄店,東京都立川市高松町1-24-36,35.7063727,139.4181981
BOOKOFF JR稲田堤駅前店,神奈川県川崎市多摩区菅稲田堤1-3-4,35.633059,139.5342246
BOOKOFF JR蒲田駅東口店,東京都大田区蒲田5-26-8,35.5637235,139.7216959
BOOKOFF PLUS 16号相模原上鶴間店,神奈川県相模原市南区上鶴間2-5-2,35.5243172,139.448551
BOOKOFF PLUS 16号相模原富士見店,神奈川県相模原市中央区富士見3-15-1,35.567605,139.3763032
BOOKOFF PLUS MINANO分倍河原店,東京都府中市片町3-22-26,35.6699594,139.472385
BOOKOFF PLUS アミューあつぎ店,神奈川県厚木市中町2-12-15,35.4425102,139.3656878
BOOKOFF PLUS ザ・ビッグ昭島店,東京都昭島市宮沢町500-1,35.7000519,139.3647606
BOOKOFF PLUS パサージオ西新井店,東京都足立区西新井栄町1-17-1,35.7751304,139.7879781
BOOKOFF PLUS 伊勢原店,神奈川県伊勢原市伊勢原3-5-1,35.3959932,139.3135001
BOOKOFF PLUS 横浜伊勢佐木モール店,神奈川県横浜市中区伊勢佐木町1-7-7,35.4441646,139.6322484
BOOKOFF PLUS 荻窪駅北口店,東京都杉並区天沼3-3-3,35.7054842,139.6205162
BOOKOFF PLUS 古淵駅前店（アパレル・家電館）,神奈川県相模原市南区古淵2-17-15,35.5559505,139.4193144
BOOKOFF PLUS 古淵駅前店（本・ソフト館）,神奈川県相模原市南区古淵2-19-14,35.5563403,139.4180798
BOOKOFF PLUS 上野広小路店,東京都台東区上野4-4-4,35.7142539,139.7809193
BOOKOFF PLUS 新宿駅西口店,東京都新宿区西新宿1-10-2,35.690719,139.6941527
BOOKOFF PLUS 西五反田店,東京都品川区西五反田2-29-5,35.6254014,139.7156489
BOOKOFF PLUS 大蔵多摩堤通り店,東京都世田谷区大蔵6-20-29,35.631861,139.6123003
BOOKOFF PLUS 池袋要町店,東京都豊島区要町1-10-3,35.7332405,139.6986842
BOOKOFF PLUS 町田旭町店,東京都町田市旭町1-16-12,35.5557143,139.4410478
BOOKOFF PLUS 東名川崎インター店,神奈川県川崎市宮前区土橋6-1-1,35.5864306,139.5741428
BOOKOFF PLUS 藤沢大庭店,神奈川県藤沢市大庭5454-5,35.360579,139.446351
BOOKOFF SUPER BAZAAR 409号川崎港町店,神奈川県川崎市川崎区港町12-1,35.5732659,139.4840407
BOOKOFF SUPER BAZAAR Luz湘南辻堂店,神奈川県藤沢市辻堂神台1-2-12,35.3408738,139.4459586
BOOKOFF SUPER BAZAAR イトーヨーカドー八王子店,東京都八王子市狭間町1462-1,35.6768601,139.7638947
BOOKOFF SUPER BAZAAR ノースポート・モール店,神奈川県横浜市都筑区中川中央1-25-1,35.5458189,139.5701357
BOOKOFF SUPER BAZAAR 横浜瀬谷南台店,神奈川県横浜市瀬谷区南台1-45-2,35.4662695,139.4906862
BOOKOFF SUPER BAZAAR 横浜瀬谷南台店(ホビー・トレカ館),神奈川県横浜市瀬谷区南台1-45-3,35.4662695,139.4906862
BOOKOFF SUPER BAZAAR 横浜東戸塚オリンピック店,神奈川県横浜市戸塚区川上町52-1,35.4140101,139.5283048
BOOKOFF SUPER BAZAAR 鎌倉大船店,神奈川県鎌倉市大船6-1-1,35.3550606,139.530374
BOOKOFF SUPER BAZAAR 綱島樽町店,神奈川県横浜市港北区樽町3-12-25,35.5297372,139.6431684
BOOKOFF SUPER BAZAAR 国道1号多摩川大橋店,神奈川県川崎市幸区小向町5-1,35.5489405,139.6931173
BOOKOFF SUPER BAZAAR 西友大森店,東京都品川区南大井6-27-25,35.588471,139.7302897
BOOKOFF SUPER BAZAAR 立川駅北口店,東京都立川市曙町2-7-17,35.7000117,139.4137989
BOOKOFF イオン橋本店,神奈川県相模原市緑区橋本6-2-1,35.5971874,139.338932
BOOKOFF イオン本牧店,神奈川県横浜市中区本牧原7-1,35.4446947,139.6421013
BOOKOFF イトーヨーカドー溝ノ口店,神奈川県川崎市高津区久本3丁目6-20,35.595994,139.617343
BOOKOFF ロッテシティ錦糸町店,東京都墨田区錦糸4-6-1,35.6978654,139.8139858
BOOKOFF 綾瀬駅前店,東京都足立区綾瀬3-2-8,35.7621283,139.8248669
BOOKOFF 曳舟店,東京都墨田区東向島2-48-13,35.7242844,139.8192895
BOOKOFF 横須賀佐原店,神奈川県横須賀市粟田2-1-3,35.2245435,139.6842715
BOOKOFF 横須賀中央店,神奈川県横須賀市大滝町2-25,35.2810651,139.6690162
BOOKOFF 横須賀堀ノ内店,神奈川県横須賀市三春町3-13-7,35.2708401,139.6751395
BOOKOFF 横浜あざみ野店,神奈川県横浜市青葉区あざみ野1-4-3,35.5783416,139.5377851
BOOKOFF 横浜ビブレ店,神奈川県横浜市西区南幸2-15-13 8F,35.4650943,139.6192504
BOOKOFF 横浜鴨居店,神奈川県横浜市緑区東本郷6-1-26,35.513959,139.576676
BOOKOFF 横浜港南丸山台店,神奈川県横浜市港南区丸山台4-3-1,35.4018679,139.571463
BOOKOFF 横浜中山店,神奈川県横浜市緑区台村町370-1,35.5098859,139.5297427
BOOKOFF 横浜朝比奈店,神奈川県横浜市金沢区東朝比奈3-24,35.3175485,139.6040187
BOOKOFF 横浜鶴ヶ峰店,神奈川県横浜市旭区鶴ケ峰本町1-27-13,35.4767171,139.5442284
BOOKOFF 横浜東戸塚店,神奈川県横浜市戸塚区品濃町548-12,35.4307728,139.5571955
BOOKOFF 海老名さがみ野駅前店,神奈川県海老名市東柏ケ谷2-25-25,35.470926,139.4304862
BOOKOFF 葛西駅前店,東京都江戸川区中葛西5-34-11,35.6638877,139.8687474
BOOKOFF 鎌倉手広店,神奈川県鎌倉市手広6-2-14,35.3236523,139.5089544
BOOKOFF 茅ヶ崎駅北口店,神奈川県茅ヶ崎市新栄町2-8,35.3307358,139.4042476
BOOKOFF 寒川大曲店,神奈川県高座郡寒川町大曲3-11-5,35.3574633,139.3936535
BOOKOFF 亀戸駅東口店,東京都江東区亀戸6-57-19,35.6976987,139.827138
BOOKOFF 吉祥寺駅北口店,東京都武蔵野市吉祥寺本町1-13-2,35.7043267,139.5775409
BOOKOFF 京王国領駅前店,東京都調布市国領町1-44-1,35.636327,139.556512
BOOKOFF 厚木戸室店,神奈川県厚木市戸室1-28-17,35.4501971,139.3464115
BOOKOFF 厚木妻田店,神奈川県厚木市妻田北1-12-21,35.4655366,139.3574043
BOOKOFF 向ヶ丘遊園駅前店,神奈川県川崎市多摩区登戸2102-1,35.6209112,139.5700615
BOOKOFF 江古田店,東京都練馬区栄町2-12,35.7385391,139.669504
BOOKOFF 江戸川東小岩店,東京都江戸川区東小岩4-1-7,35.7266033,139.8929123
BOOKOFF 江東門前仲町店,東京都江東区越中島1-2-7,35.6679059,139.7926094
BOOKOFF 港北綱島西店,神奈川県横浜市港北区綱島西2-12-8,35.4957774,139.6180408
BOOKOFF 高田馬場北店,東京都豊島区高田3-14-29,35.7157717,139.712324
BOOKOFF 座間ノジマ店,神奈川県座間市小松原1-43-23,35.4970265,139.4300753
BOOKOFF 座間警察署前店,神奈川県座間市入谷西2丁目60-11,35.4856846,139.3955458
BOOKOFF 自由が丘駅前店,東京都目黒区自由が丘2-11-23,35.6114502,139.6675812
BOOKOFF 秋葉原駅前店,東京都千代田区神田佐久間町1-6-4,35.697996,139.7769499
BOOKOFF 十条駅前店,東京都北区上十条2-7-11,35.7629881,139.7180209
BOOKOFF 上野毛店,東京都世田谷区中町3-16-3,35.6164135,139.6442497
BOOKOFF 新宿靖国通り店,東京都新宿区新宿5-2-1,35.6957205,139.6873953
BOOKOFF 新百合丘オーパ店,神奈川県川崎市麻生区上麻生1-1-1,35.6037115,139.5082936
BOOKOFF 秦野渋沢店,神奈川県秦野市平沢363-3,35.368162,139.205233
BOOKOFF 逗子久木店,神奈川県逗子市久木4-13-25,35.309372,139.582234
BOOKOFF 瑞江駅北口店,東京都江戸川区瑞江2-5-3,35.6932795,139.8976092
BOOKOFF 杉並方南町駅前店,東京都杉並区堀ノ内1-4-2,35.6865625,139.650863
BOOKOFF 西台高島通り店,東京都板橋区高島平1-75-10,35.7854321,139.6668057
BOOKOFF 青梅店,東京都青梅市新町4-19-5,35.7871101,139.3078161
BOOKOFF 赤羽駅東口店,東京都北区赤羽2-49-6,35.7781394,139.7207999
BOOKOFF 雪が谷大塚店,東京都大田区南雪谷2-17-9,35.5916071,139.6842421
BOOKOFF 千駄木店,東京都文京区千駄木3-43-3,35.7255677,139.7632458
BOOKOFF 川崎長沢店,神奈川県川崎市多摩区長沢4-29-5,35.6018743,139.5519428
BOOKOFF 川崎東有馬店,神奈川県川崎市宮前区東有馬3-23-15,35.5728048,139.5915848
BOOKOFF 浅草稲荷町店,東京都台東区松が谷1-3-5,35.7152237,139.7868927
BOOKOFF 相模大野店,神奈川県相模原市南区相模大野5-30-7,35.448529,139.640649
BOOKOFF 足立加平インター店,東京都足立区加平2-3,35.7783718,139.8273956
BOOKOFF 大泉学園駅前店,東京都練馬区東大泉1-26-15,35.7495045,139.5865223
BOOKOFF 大塚駅前店,東京都豊島区南大塚1-51-11,35.7293181,139.72957
BOOKOFF 大和つきみ野店,神奈川県大和市つきみ野4-12-3,35.5103897,139.4582718
BOOKOFF 大和西鶴間店,神奈川県大和市西鶴間1-17-2,35.4879281,139.4485013
BOOKOFF 池袋サンシャイン60通り店,東京都豊島区東池袋1-22-10,35.7297337,139.7157943
BOOKOFF 中葛西店,東京都江戸川区中葛西4-4-8,35.6638877,139.8687474
BOOKOFF 中原街道長原店,東京都大田区上池台1-14-19,35.5964965,139.6974208
BOOKOFF 中板橋駅北口店,東京都板橋区中板橋24-1,35.7564812,139.694208
BOOKOFF 調布駅南口店,東京都調布市布田4-20-2,35.6498925,139.5518222
BOOKOFF 鶴見駅西口店,神奈川県横浜市鶴見区豊岡町15-29,35.5091462,139.6741361
BOOKOFF 東中野店,東京都中野区東中野3-9-21,35.707741,139.683099
BOOKOFF 藤沢用田店,神奈川県藤沢市用田491-1,35.410387,139.416146
BOOKOFF 藤沢六会店,神奈川県藤沢市亀井野2-25-11,35.378374,139.475149
BOOKOFF 買取センター フレスポ八王子みなみ野店,東京都八王子市みなみ野1丁目7-3,35.632249,139.3280719
BOOKOFF 幡ヶ谷6号通店,東京都渋谷区幡ケ谷2-9-19,35.677903,139.6740463
BOOKOFF 八王子駅北口店,東京都八王子市旭町12-4,35.6559238,139.338163
BOOKOFF 八王子大和田店,東京都八王子市大和田町5-9-7,35.6660955,139.3453237
BOOKOFF 八王子堀之内店,東京都八王子市堀之内3-3-1,35.634728,139.390403
BOOKOFF 板橋前野店,東京都板橋区前野町4-19-1,35.7687915,139.6902076
BOOKOFF 浜田山駅前店,東京都杉並区浜田山3-34-5,35.6816467,139.6274677
BOOKOFF 武蔵境連雀通り店,東京都武蔵野市境南町5-5-16,35.6989464,139.5411554
BOOKOFF 武蔵小山パルム店,東京都品川区荏原3-3-17,35.6154997,139.7060301
BOOKOFF 武蔵新城店,神奈川県川崎市中原区新城1-14-1,35.587962,139.627724
BOOKOFF 武蔵中原店,神奈川県川崎市中原区上小田中6-12-1,35.5864654,139.6369375
BOOKOFF 平塚駅西口店,神奈川県平塚市紅谷町16-4,35.328437,139.347785
BOOKOFF 平塚四之宮店,神奈川県平塚市四之宮3-9-1,35.360093,139.367607
BOOKOFF 北烏山店,東京都世田谷区北烏山5-21-11,35.676579,139.5976078
BOOKOFF 練馬光が丘店,東京都練馬区高松4-22-6,35.7504853,139.6298966