store_ID,store_name,post,address,hour,tel,kibo,parking
10000,BOOKOFF PLUS 銚子店,〒288-0815,千葉県銚子市三崎町2-2583-1,10:00～21:00,0479-21-7707,大型店舗,65台
10007,BOOKOFF 新潟黒埼インター店,〒950-1101,新潟県新潟市西区山田3326,10:00～20:00,025-201-8467,中型店舗,124台
10008,BOOKOFF 皆生店,〒683-0003,鳥取県米子市皆生4-11-19,10:00～21:00,0859-35-9553,中型店舗,34台
10009,BOOKOFF 新潟寺尾前通店,〒950-2053,新潟県新潟市西区寺尾前通1-15-1,10:00～20:00,025-265-5669,中型店舗,40台
10011,BOOKOFF 藍住店,〒771-1220,徳島県板野郡藍住町東中富字直道傍示37,10:00～21:00,088-692-6554,中型店舗,70台
10013,BOOKOFF 仙台泉バイパス店,〒981-3117,宮城県仙台市泉区市名坂楢町138-1,10:00～22:00,022-371-8311,中型店舗,40台
10016,BOOKOFF 村上店,〒958-0823,新潟県村上市仲間町237-1,10:00～20:00,0254-53-2554,小型店舗,39台
10019,BOOKOFF PLUS 高松新屋島店,〒760-0080,香川県高松市木太町2709-1,10:00～22:00,050-1792-1750,大型店舗,91台
10021,BOOKOFF 鴨島店,〒776-0013,徳島県吉野川市鴨島町上下島114-1,10:00～21:00,0883-24-9220,中型店舗,45台
10023,BOOKOFF 筑後店,〒833-0005,福岡県筑後市大字長浜2351-1,10:00～20:00,0942-53-9338,小型店舗,28台
10028,BOOKOFF 新座栗原店,〒352-0035,埼玉県新座市栗原2-3-35,10:00～21:00,0424-76-1810,小型店舗,21台
10032,BOOKOFF PLUS 仙台南バイパス店,〒981-1222,宮城県名取市上余田字千刈田231-1,10:00～21:00,022-382-6525,大型店舗,400台
10041,BOOKOFF 浜松高林店,〒430-0907,静岡県浜松市中央区高林5-6-15,10:00～22:00,053-472-2197,中型店舗,23台
10043,BOOKOFF 仙台高砂店,〒983-0012,宮城県仙台市宮城野区出花2-65-2,10:00～21:00,022-259-2790,中型店舗,34台
10045,BOOKOFF PLUS 伊那店,〒399-4431,長野県伊那市西春近2893,10:00～20:00,0265-74-5656,大型店舗,120台
10047,BOOKOFF 伏古店,〒007-0862,北海道札幌市東区伏古二条4-3-8,10:00～20:00,011-787-3141,小型店舗,50台
10048,BOOKOFF 福岡長住店,〒815-0074,福岡県福岡市南区寺塚1-29-7,10:00～20:00,092-542-8861,大型店舗,27台
10049,BOOKOFF 鶴ヶ島店,〒350-2211,埼玉県鶴ヶ島市脚折町4-9-1,10:00～21:00,049-271-0215,中型店舗,20台
10050,BOOKOFF 藤枝店,〒426-0033,静岡県藤枝市小石川町3-18-30,10:00～22:00,054-646-0135,中型店舗,30台
10054,BOOKOFF 太宰府店,〒818-0135,福岡県太宰府市向佐野4-12-12,10:00～20:00,092-929-3481,中型店舗,64台
10055,BOOKOFF 松本筑摩店,〒390-0821,長野県松本市筑摩3-2-12,10:00～20:00,0263-26-5656,中型店舗,43台
10057,BOOKOFF 西長岡店,〒940-2111,新潟県長岡市三ツ郷屋2-1-11,10:00～20:00,0258-28-5243,中型店舗,150台
10060,BOOKOFF 新所沢店,〒359-0046,埼玉県所沢市北所沢町2031-1,10:00～22:00,04-2943-2865,小型店舗,23台
10062,BOOKOFF 九産大駅前店,〒813-0001,福岡県福岡市東区唐原3-13-10,10:00～20:00,092-673-0035,中型店舗,32台
10063,BOOKOFF 厚木妻田店,〒243-0812,神奈川県厚木市妻田北1-12-21,10:00～21:00,046-223-1255,中型店舗,20台
10066,BOOKOFF 豊橋店,〒441-8107,愛知県豊橋市南栄町字空池20-1,10:00～21:00,0532-47-3213,小型店舗,30台
10070,BOOKOFF 岐阜則武店,〒502-0931,岐阜県岐阜市則武122-1,10:00～21:00,058-231-3937,中型店舗,77台
10074,BOOKOFF 函南店,〒419-0124,静岡県田方郡函南町塚本135-1,10:00～22:00,055-978-8510,中型店舗,40台
10078,BOOKOFF PLUS 登別店,〒059-0026,北海道登別市若山町4-41-2,10:00～20:00,0143-87-3840,大型店舗,40台
10081,BOOKOFF トナミ店,〒939-1372,富山県砺波市新又152-2,10:00～20:00,0763-33-0716,中型店舗,132台
10082,BOOKOFF 大府店,〒474-0053,愛知県大府市柊山町5-404,10:00～21:00,0562-48-0016,小型店舗,18台
10085,BOOKOFF 新発田店,〒957-0063,新潟県新発田市新栄町3-1-13,10:00～20:00,0254-26-6300,大型店舗,70台
10086,BOOKOFF 大和高田店,〒635-0046,奈良県大和高田市西三倉堂1-6-31,10:00～21:00,0745-23-4129,中型店舗,46台
10087,BOOKOFF 高松仏生山店,〒761-8077,香川県高松市出作町303-8,10:00～22:00,050-1724-9193,中型店舗,35台
10088,BOOKOFF 大久保店,〒611-0033,京都府宇治市大久保町旦椋126-1,10:00～21:00,0774-44-3850,中型店舗,41台
10089,BOOKOFF 塩尻店,〒399-0703,長野県塩尻市広丘高出1550-4,10:00～20:00,0263-53-5656,小型店舗,20台
10091,BOOKOFF 福山野上店,〒720-0815,広島県福山市野上町3-5-3,10:00～22:00,084-925-8236,中型店舗,30台
10095,BOOKOFF 石巻蛇田店,〒986-0861,宮城県石巻市蛇田下谷地40-1,10:00～22:00,0225-94-7591,中型店舗,53台
10100,BOOKOFF 福岡福重店,〒819-0022,福岡県福岡市西区福重4-1-7,10:00～20:00,092-882-5556,中型店舗,47台
10101,BOOKOFF 須坂店,〒382-0054,長野県須坂市高梨町2493-5,10:00～20:00,026-246-1700,小型店舗,32台
10104,BOOKOFF PLUS 高知土佐道路店,〒780-8075,高知県高知市朝倉南町8-30,10:00～21:00,088-843-9900,大型店舗,79台
10110,BOOKOFF 福井米松店,〒910-0835,福井県福井市丸山1-410,10:00～21:00,0776-52-3525,中型店舗,160台
10113,BOOKOFF 更埴店,〒387-0012,長野県千曲市大字桜堂水引282-1,10:00～20:00,026-274-1601,中型店舗,40台
10116,BOOKOFF 松江店,〒690-0823,島根県松江市西川津町4245,10:00～20:00,0852-28-1112,中型店舗,40台
10117,BOOKOFF 宇都宮今泉店,〒321-0962,栃木県宇都宮市今泉町2998-1,10:00～21:00,028-683-1667,中型店舗,200台
10120,BOOKOFF 川中島店,〒381-2221,長野県長野市川中島町御厨856-3,10:00～20:00,026-283-8181,中型店舗,23台
10121,BOOKOFF 神辺店,〒720-2122,広島県福山市神辺町新湯野3-39-6,10:00～22:00,084-963-3616,中型店舗,55台
10122,BOOKOFF 姫路三宅店,〒672-8048,兵庫県姫路市飾磨区三宅2-58,10:00～22:00,079-234-4529,中型店舗,34台
10123,BOOKOFF 宝塚安倉店,〒665-0825,兵庫県宝塚市安倉西3-422-1,10:00～21:00,0797-84-4529,中型店舗,20台
10125,BOOKOFF PLUS 堅田店,〒520-0232,滋賀県大津市真野2-29-1 プライスプラザ内,10:00～21:00,077-572-4329,大型店舗,400台
10126,BOOKOFF 奈良押熊店,〒631-0011,奈良県奈良市押熊町537-1,10:00～21:00,0742-46-4129,中型店舗,46台
10129,BOOKOFF 高槻別所店,〒569-1113,大阪府高槻市別所中の町1-1,10:00～22:00,072-685-4529,中型店舗,16台
10131,BOOKOFF 久世橋店,〒601-8212,京都府京都市南区久世上久世町779,10:00～23:00,075-922-4529,中型店舗,55台
10133,BOOKOFF 今治片山店,〒794-0063,愛媛県今治市片山3-10-33,10:00～20:00,0898-31-6580,中型店舗,79台
10137,BOOKOFF 公立大学前店,〒085-0061,北海道釧路市芦野4-1-2,10:00～20:00,0154-37-4648,大型店舗,40台
10138,BOOKOFF 西条中央店,〒739-0025,広島県東広島市西条中央4-1-1,09:00～22:00,082-421-3185,大型店舗,260台
10139,BOOKOFF 上田原店,〒386-1102,長野県上田市上田原722-8,10:00～20:00,0268-26-1919,中型店舗,50台
10142,BOOKOFF 尼崎東難波店,〒660-0892,兵庫県尼崎市東難波町2-11,10:00～22:00,06-6489-4129,中型店舗,65台
10145,BOOKOFF 富士宮北町店,〒418-0061,静岡県富士宮市北町21-8,10:00～22:00,0544-22-5855,大型店舗,40台
10146,BOOKOFF 近江八幡店,〒523-0032,滋賀県近江八幡市白鳥町37-1,10:00～23:00,0748-36-0473,中型店舗,46台
10148,BOOKOFF 豊橋東店,〒440-0836,愛知県豊橋市飯村町字西山25-121,10:00～21:00,0532-64-8511,中型店舗,80台
10153,BOOKOFF 上越教育大前店,〒943-0810,新潟県上越市大学前49,10:00～20:00,025-526-1484,小型店舗,40台
10154,BOOKOFF 月寒東店,〒062-0054,北海道札幌市豊平区月寒東4条11-3-1,10:00～21:00,011-857-2323,中型店舗,483台
10156,BOOKOFF コザ店,〒904-0011,沖縄県沖縄市照屋1-32-20,10:00～21:00,098-939-2461,中型店舗,33台
10157,BOOKOFF 宮崎矢の先店,〒880-0034,宮崎県宮崎市矢の先町12-1,10:00～21:00,050-1721-4340,小型店舗,33台
10158,BOOKOFF 袋井店,〒437-0064,静岡県袋井市川井1014-4,10:00～22:00,0538-43-1313,中型店舗,73台
10160,BOOKOFF 会津門田店,〒965-0848,福島県会津若松市飯寺北3丁目10番22号,10:00～22:00,0242-29-1231,小型店舗,30台
10162,BOOKOFF 大治店,〒490-1142,愛知県海部郡大治町三本木屋形193-1,10:00～21:30,052-443-7500,中型店舗,22台
10163,BOOKOFF 春日店,〒816-0855,福岡県春日市天神山7-2,10:00～20:00,092-584-5878,小型店舗,30台
10164,BOOKOFF 米子卸団地店,〒683-0853,鳥取県米子市両三柳2360-6,10:00～21:00,0859-35-3533,中型店舗,24台
10165,BOOKOFF 柏崎店,〒945-0026,新潟県柏崎市藤元町1-1,10:30～20:00,0257-21-9151,中型店舗,37台
10171,BOOKOFF 高松東バイパス店,〒761-0303,香川県高松市六条町1205-1,10:00～22:00,050-1726-0564,中型店舗,46台
10172,BOOKOFF 北方店,〒501-0461,岐阜県本巣市上真桑2218-1,10:00～21:00,058-324-5012,大型店舗,222台
10178,BOOKOFF 下郡店,〒870-0930,大分県大分市大字津留1916-1,10:00～20:00,0975-67-9201,中型店舗,28台
10180,BOOKOFF 福井二の宮店,〒910-0015,福井県福井市二の宮2-4-15,10:00～21:00,0776-28-7100,中型店舗,93台
10182,BOOKOFF 50号桐生西店,〒379-2313,群馬県みどり市笠懸町鹿3950,10:00～20:00,0277-77-2561,中型店舗,39台
10191,BOOKOFF 掛川店,〒436-0043,静岡県掛川市大池2999-1,10:00～21:30,0537-21-0510,中型店舗,14台
10192,BOOKOFF 北41条店,〒007-0841,北海道札幌市東区北四十一条東6丁目 マウンテンビル88_1Ｆ,10:00～21:00,011-721-1414,中型店舗,20台
10193,BOOKOFF 福島南店,〒960-8153,福島県福島市黒岩字浜井場10-2,10:00～22:00,024-545-8337,中型店舗,40台
10194,BOOKOFF 津島店,〒496-0045,愛知県津島市東柳原町2-51-1,10:00～21:30,0567-28-4482,大型店舗,24台
10195,BOOKOFF 鹿沼店,〒322-0021,栃木県鹿沼市上野町262-5,10:00～20:00,0289-62-7166,中型店舗,36台
10196,BOOKOFF 苫小牧見山店,〒053-0855,北海道苫小牧市見山町4-1-14,10:00～20:00,0144-76-1619,中型店舗,20台
10200,BOOKOFF 新潟河渡店,〒950-0024,新潟県新潟市東区河渡庚135-1 マーケットシティ河渡内,10:00～20:00,025-250-3061,中型店舗,1100台
10201,BOOKOFF 宗像店,〒811-3422,福岡県宗像市王丸763-2,10:00～20:00,0940-37-0997,中型店舗,140台
10202,BOOKOFF 守恒店,〒802-0971,福岡県北九州市小倉南区守恒本町2-7-5,10:00～20:00,093-964-0506,中型店舗,32台
10204,BOOKOFF 宇都宮環状鶴田店,〒320-0851,栃木県宇都宮市鶴田町1249-1,10:00～20:00,028-612-5723,中型店舗,86台
10205,BOOKOFF 岡谷若宮店,〒394-0032,長野県岡谷市若宮1-8134-2,10:00～20:00,0266-24-3131,中型店舗,32台
10208,BOOKOFF 佐久中込店,〒385-0051,長野県佐久市中込2971-1,10:00～20:00,0267-64-1811,中型店舗,42台
10209,BOOKOFF かりがね店,〒448-0011,愛知県刈谷市築地町1-3-5,10:00～21:00,0566-22-5015,小型店舗,15台
10211,BOOKOFF 国府店,〒779-3118,徳島県徳島市国府町井戸字堂ノ裏30-7,10:00～21:00,088-643-0105,中型店舗,50台
10212,BOOKOFF 宇都宮竹林店,〒321-0974,栃木県宇都宮市竹林町506-2,10:00～20:00,028-625-5349,中型店舗,20台
10213,BOOKOFF 武生店,〒915-0083,福井県越前市押田1-3-5,10:00～21:00,0778-24-4488,中型店舗,30台
10214,BOOKOFF 福生店,〒197-0013,東京都福生市武蔵野台2-31-3,10:00～21:00,042-553-7134,中型店舗,28台
10215,BOOKOFF 高松国分寺店,〒769-0101,香川県高松市国分寺町新居1371-2,10:00～22:00,050-1792-1976,中型店舗,40台
10219,BOOKOFF 沼津リコー通り店,〒410-0053,静岡県沼津市寿町23-33,10:00～22:00,055-927-2505,小型店舗,29台
10220,BOOKOFF 宜野湾店,〒901-2211,沖縄県宜野湾市宜野湾2-1-17,10:00～21:00,098-893-8114,小型店舗,37台
10222,BOOKOFF 御殿場店,〒412-0026,静岡県御殿場市東田中2-2-1,10:00～22:00,0550-81-0620,大型店舗,51台
10225,BOOKOFF PLUS 佐賀南部バイパス店,〒840-0023,佐賀県佐賀市本庄町大字袋297,10:00～20:00,0952-27-9055,大型店舗,58台
10226,BOOKOFF PLUS 浜北店,〒434-0014,静岡県浜松市浜名区本沢合805,10:00～21:30,053-584-1250,大型店舗,70台
10227,BOOKOFF 千葉ニュータウン中央店,〒270-1412,千葉県白井市桜台1-1-7 アクロスプラザ千葉ニュータウン内,10:00～20:00,047-491-5499,小型店舗,285台
10228,BOOKOFF 札幌南郷20丁目店,〒003-0022,北海道札幌市白石区南郷通20丁目南3-10,10:00～21:00,011-827-7400,中型店舗,49台
10229,BOOKOFF 恵庭バイパス店,〒061-1409,北海道恵庭市黄金南7-18-3,10:00～20:00,0123-34-4600,中型店舗,60台
10230,BOOKOFF 長野高田店,〒381-0034,長野県長野市高田1174,10:00～20:00,026-221-5454,中型店舗,500台
10234,BOOKOFF PLUS 徳島沖浜店,〒770-8052,徳島県徳島市沖浜3-24,10:00～21:00,088-626-7205,大型店舗,90台
10237,BOOKOFF 佐野店,〒327-0831,栃木県佐野市浅沼町浅沼802,10:00～20:00,0283-24-8832,小型店舗,53台
10238,BOOKOFF 北烏山店,〒157-0061,東京都世田谷区北烏山5-21-11,10:00～22:00,03-3305-2239,中型店舗,28台
10239,BOOKOFF 宮崎駅東口店,〒880-0879,宮崎県宮崎市宮崎駅東1丁目2-6,10:00～22:00,050-1721-3635,中型店舗,14台
10241,BOOKOFF 津山店,〒708-0013,岡山県津山市二宮97-1,10:00～20:00,0868-28-7266,小型店舗,17台
10242,BOOKOFF 札幌光星店,〒065-0007,北海道札幌市東区北七条東8-2-1,10:00～21:00,011-741-1446,小型店舗,48台
10244,BOOKOFF 黒磯店,〒325-0063,栃木県那須塩原市豊浦中町100-712,10:00～21:00,0287-62-4439,中型店舗,60台
10245,BOOKOFF 燕三条店,〒959-1232,新潟県燕市井土巻2-67,10:00～20:00,0256-66-1075,中型店舗,40台
10251,BOOKOFF 清水岡町店,〒424-0931,静岡県静岡市清水区岡町6-1,10:00～23:00,050-1792-8148,中型店舗,30台
10252,BOOKOFF PLUS 松本芳川店,〒399-0038,長野県松本市小屋南1-11-40,10:00～20:00,0263-85-2323,大型店舗,50台
10253,BOOKOFF 大分森町店,〒870-0127,大分県大分市森町555-1,10:00～20:00,0975-24-0337,中型店舗,30台
10255,BOOKOFF とよあけ店,〒470-1112,愛知県豊明市新田町門先11-13,10:00～21:00,0562-95-3274,中型店舗,30台
10259,BOOKOFF 静岡馬渕店,〒422-8063,静岡県静岡市駿河区馬渕3-4-6,10:00～23:00,050-1721-5634,中型店舗,37台
10265,BOOKOFF 秦野渋沢店,〒257-0015,神奈川県秦野市平沢363-3,10:00～22:00,0463-83-5100,中型店舗,44台
10266,BOOKOFF 具志川店,〒904-2213,沖縄県うるま市田場1222-1,10:00～21:00,098-982-6236,中型店舗,75台
10267,BOOKOFF 長岡川崎店,〒940-0867,新潟県長岡市豊1-608,10:00～20:00,0258-37-7892,中型店舗,200台
10268,BOOKOFF 東久留米前沢店,〒203-0054,東京都東久留米市中央町4-14-35,10:00～21:00,042-473-7660,小型店舗,25台
10271,BOOKOFF 富士本吉原店,〒417-0001,静岡県富士市今泉1-17-41,10:00～21:30,0545-55-2505,中型店舗,118台
10273,BOOKOFF 中野七瀬店,〒383-0051,長野県中野市七瀬98-3,10:00～20:00,0269-24-5001,小型店舗,33台
10275,BOOKOFF 川内店,〒895-0067,鹿児島県薩摩川内市上川内町4225-1,10:00～21:00,050-1721-7056,小型店舗,40台
10276,BOOKOFF 佐倉王子台店,〒285-0837,千葉県佐倉市王子台2-28-8,10:00～20:00,043-463-7770,小型店舗,25台
10279,BOOKOFF 四街道店,〒284-0001,千葉県四街道市大日466-32,10:00～20:00,043-309-9731,中型店舗,113台
10280,BOOKOFF 長野若槻店,〒381-0042,長野県長野市稲田1-18-4,10:00～20:00,026-258-6020,中型店舗,52台
10283,BOOKOFF 神戸伊川谷店,〒651-2113,兵庫県神戸市西区伊川谷町有瀬1345,10:00～21:00,078-978-5433,中型店舗,30台
10284,BOOKOFF 武蔵中原店,〒211-0053,神奈川県川崎市中原区上小田中6-12-1,10:00～22:00,044-739-0168,大型店舗,23台
10287,BOOKOFF フォレオ広島東店,〒732-0033,広島県広島市東区温品1-3-2,10:00～21:00,082-508-4510,大型店舗,884台
10289,BOOKOFF 浜松芳川店,〒430-0815,静岡県浜松市中央区都盛町85-1,10:00～21:00,053-425-6780,小型店舗,50台
10293,BOOKOFF 熊本健軍店,〒862-0911,熊本県熊本市東区健軍3-50-17,10:00～21:00,050-1726-2367,中型店舗,15台
10294,BOOKOFF 松山駅前店,〒790-0066,愛媛県松山市宮田町123-1,10:00～21:00,089-915-1870,中型店舗,45台
10295,BOOKOFF 那覇与儀店,〒902-0076,沖縄県那覇市字与儀372-2,10:00～21:00,098-854-1302,中型店舗,33台
10296,BOOKOFF PLUS 徳島田宮店,〒770-0004,徳島県徳島市南田宮2丁目146-1,10:00～21:00,088-679-4490,大型店舗,45台
10298,BOOKOFF 郡山昭和店,〒963-8822,福島県郡山市昭和2-2-6,10:00～20:00,024-941-7878,小型店舗,15台
10301,BOOKOFF 北九州力丸店,〒807-0802,福岡県北九州市八幡西区力丸町12-10,10:00～20:00,093-693-6370,中型店舗,28台
10304,BOOKOFF PLUS 恵那店,〒509-7201,岐阜県恵那市大井町１８０−１,10:00～20:00,0573-25-5000,大型店舗,385台
10307,BOOKOFF 三島徳倉店,〒411-0044,静岡県三島市徳倉4-36-3,10:00～21:30,055-987-0510,中型店舗,25台
10309,BOOKOFF 船橋高根木戸店,〒274-0065,千葉県船橋市高根台6-43-2,10:00～20:00,047-467-5411,小型店舗,38台
10314,BOOKOFF 敦賀木崎店,〒914-0814,福井県敦賀市木崎20-12,10:00～21:00,0770-21-9900,中型店舗,250台
10316,BOOKOFF 江南赤童子店,〒483-8227,愛知県江南市赤童子町良原81-1,10:00～20:00,0587-56-7120,中型店舗,27台
10319,BOOKOFF 福岡野多目店,〒811-1345,福岡県福岡市南区向新町2-2-33,10:00～20:00,092-564-3121,大型店舗,42台
10321,BOOKOFF 浜松初生店,〒433-8112,静岡県浜松市中央区初生町590-6,10:00～20:00,053-420-1220,中型店舗,26台
10323,BOOKOFF 熊本北部店,〒861-5521,熊本県熊本市北区鹿子木町189,10:00～21:00,050-1721-4332,中型店舗,39台
10324,BOOKOFF 滋賀草津駒井沢店,〒525-0014,滋賀県草津市駒井沢町33,10:00～21:00,077-568-8808,大型店舗,50台
10326,BOOKOFF PLUS 小諸西原店,〒384-0000,長野県小諸市丙394-1,10:00～20:00,0267-26-2828,中型店舗,43台
10328,BOOKOFF PLUS 富山黒瀬店,〒939-8216,富山県富山市黒瀬北町2-2-5,10:00～21:00,076-420-2580,大型店舗,151台
10329,BOOKOFF いわき平店,〒970-8034,福島県いわき市平上荒川砂屋戸27-3,10:00～21:00,0246-35-2890,中型店舗,40台
10331,BOOKOFF 札幌平岡店,〒004-0876,北海道札幌市清田区平岡六条1-1-15,10:00～20:00,011-881-1888,中型店舗,80台
10335,BOOKOFF 横浜十日市場店,〒226-0025,神奈川県横浜市緑区十日市場町882-1,10:00～22:00,045-982-8510,中型店舗,12台
10336,BOOKOFF 佐賀高木瀬店,〒849-0917,佐賀県佐賀市高木瀬町大字長瀬718-1,10:00～20:00,0952-34-4821,中型店舗,35台
10339,BOOKOFF PLUS 22号一宮バイパス店,〒491-0073,愛知県一宮市高畑町2-1-14,10:00～21:00,0586-23-3933,大型店舗,96台
10340,BOOKOFF 盛岡稲荷店,〒020-0142,岩手県盛岡市稲荷町1-25,10:00～20:00,019-643-0056,小型店舗,20台
10341,BOOKOFF 石川小松店,〒923-0801,石川県小松市園町ハ185-1,10:00～22:00,0761-20-5101,中型店舗,18台
10344,BOOKOFF 出雲渡橋店,〒693-0004,島根県出雲市渡橋町800-1,10:00～21:00,0853-20-7111,中型店舗,43台
10345,BOOKOFF 埼玉北坂戸店,〒350-0221,埼玉県坂戸市鎌倉町1422-1,10:00～21:00,049-282-3303,小型店舗,21台
10347,BOOKOFF 新潟竹尾店,〒950-0867,新潟県新潟市東区竹尾卸新町743-1,10:00～20:00,025-270-7001,中型店舗,30台
10348,BOOKOFF PLUS 飯田店,〒395-0804,長野県飯田市鼎名古熊2073-1,10:00～20:00,0265-48-6833,大型店舗,50台
10351,BOOKOFF 愛媛伊予三島店,〒799-0423,愛媛県四国中央市具定町字倉ノ内500-3,10:00～20:00,0896-28-1426,中型店舗,300台
10352,BOOKOFF 16号柏店,〒277-0005,千葉県柏市柏698-1,10:00～20:00,04-7162-6300,中型店舗,20台
10353,BOOKOFF 都城駅前店,〒885-0023,宮崎県都城市栄町16-17,10:00～22:00,050-1720-2354,中型店舗,20台
10354,BOOKOFF 4号栃木石橋店,〒329-0502,栃木県下野市下古山128-1,10:00～20:00,0285-53-7793,小型店舗,50台
10358,BOOKOFF 新潟関屋店,〒951-8141,新潟県新潟市中央区関新3-2-32,10:00～20:00,025-230-9303,小型店舗,60台
10359,BOOKOFF 鹿児島国分店,〒899-4332,鹿児島県霧島市国分中央1-7-31,10:00～22:00,0995-48-8889,中型店舗,14台
10360,BOOKOFF 滋賀長浜店,〒526-0021,滋賀県長浜市八幡中山町535,10:00～20:00,0749-68-1121,中型店舗,157台
10362,BOOKOFF 福岡飯倉店,〒814-0161,福岡県福岡市早良区飯倉7-32-54,10:00～20:00,092-874-2760,大型店舗,30台
10363,BOOKOFF 盛岡厨川店,〒020-0124,岩手県盛岡市厨川1-15-50,10:00～22:00,019-648-8105,小型店舗,13台
10365,BOOKOFF 旭川永山店,〒079-8415,北海道旭川市永山五条5-1-21,10:00～20:00,0166-40-2666,中型店舗,50台
10367,BOOKOFF タイヨー小松台店,〒880-0956,宮崎県宮崎市小松台南町13-1 2F,09:30～20:00,050-1722-9230,大型店舗,299台
10369,BOOKOFF 杉並方南町駅前店,〒166-0013,東京都杉並区堀ノ内1-4-2,10:00～23:00,03-5305-5543,小型店舗,なし
10370,BOOKOFF 徳島川内店,〒771-0131,徳島県徳島市川内町大松328-1,10:00～21:00,088-637-1951,中型店舗,37台
10372,BOOKOFF 六日町インター店,〒949-6681,新潟県南魚沼市余川3079,10:00～20:00,0257-78-1077,中型店舗,200台
10373,BOOKOFF 岐阜うさ店,〒500-8367,岐阜県岐阜市宇佐南1-8,10:00～21:00,058-273-8220,中型店舗,38台
10374,BOOKOFF 16号柏沼南店,〒277-0921,千葉県柏市大津ケ丘2-7-5,10:00～20:00,04-7192-4111,小型店舗,32台
10377,BOOKOFF 江別店,〒067-0064,北海道江別市上江別430-10,10:00～21:00,011-389-3899,中型店舗,300台
10383,BOOKOFF 埼玉伊奈店,〒362-0805,埼玉県北足立郡伊奈町栄4-173,10:00～21:00,048-723-2840,中型店舗,24台
10387,BOOKOFF いわき鹿島店,〒971-8141,福島県いわき市鹿島町走熊字西反町19-4,10:00～20:00,0246-28-2525,中型店舗,20台
10392,BOOKOFF 平塚駅西口店,〒254-0043,神奈川県平塚市紅谷町16-4,10:00～22:00,0463-24-2902,中型店舗,313台
10395,BOOKOFF 愛知蟹江店,〒497-0034,愛知県海部郡蟹江町蟹江本町5-118,10:00～21:30,0567-95-2135,小型店舗,23台
10398,BOOKOFF 旭川旭神店,〒078-8373,北海道旭川市旭神三条5-2,10:00～20:00,0166-66-5151,中型店舗,50台
10399,BOOKOFF 福島瀬上店,〒960-0101,福島県福島市瀬上町寺後1-1,11:00～20:00,024-552-5777,小型店舗,22台
10402,BOOKOFF 福知山駅南町店,〒620-0940,京都府福知山市駅南町2-20,10:00～22:00,0773-25-3535,中型店舗,100台
10403,BOOKOFF 札幌中の島店,〒062-0921,北海道札幌市豊平区中の島一条4-7-1,10:00～21:00,011-833-8310,中型店舗,30台
10404,BOOKOFF 朝霞台駅前店,〒351-0033,埼玉県朝霞市浜崎1-3-6,10:00～22:00,048-486-1050,小型店舗,17台
10406,BOOKOFF 赤羽駅東口店,〒115-0045,東京都北区赤羽2-49-6,10:00～22:00,03-3903-2662,小型店舗,なし
10409,BOOKOFF 川口飯塚店,〒332-0023,埼玉県川口市飯塚2-13-9,10:00～21:00,048-240-2360,中型店舗,10台
10410,BOOKOFF 松山久米店,〒790-0924,愛媛県松山市南久米町243-1,10:00～20:00,089-970-2971,中型店舗,45台
10411,BOOKOFF 川崎長沢店,〒214-0035,神奈川県川崎市多摩区長沢4-29-5,10:00～21:30,044-978-3151,中型店舗,23台
10413,BOOKOFF 横浜港南丸山台店,〒233-0013,神奈川県横浜市港南区丸山台4-3-1,10:00～22:00,045-843-4251,大型店舗,33台
10414,BOOKOFF 東大阪吉原店,〒578-0904,大阪府東大阪市吉原2-4-2,10:00～22:00,072-960-4530,中型店舗,20台
10415,BOOKOFF 十日町妻有ショッピングセンター店,〒948-0056,新潟県十日町市高田町6,10:00～20:00,025-750-5041,中型店舗,200台
10417,BOOKOFF 高岡西町店,〒933-0848,富山県高岡市西町4-25,10:00～21:00,0766-20-6722,大型店舗,97台
10421,BOOKOFF 新津店,〒956-0035,新潟県新潟市秋葉区程島1900,10:00～20:00,0250-21-2073,中型店舗,300台
10422,BOOKOFF 高知高須店,〒781-8121,高知県高知市葛島2-3-55,10:00～22:00,088-878-8900,中型店舗,66台
10429,BOOKOFF アクロスプラザ与次郎店,〒890-0062,鹿児島県鹿児島市与次郎1-7-20,10:00～20:00,050-1725-6944,大型店舗,600台
10434,BOOKOFF PLUS 福岡糸島店,〒819-1119,福岡県糸島市前原東2-1-1,10:00～20:00,092-331-1231,大型店舗,52台
10436,BOOKOFF 三条店,〒955-0082,新潟県三条市西裏館2-10-39,10:00～20:00,0256-31-1077,小型店舗,30台
10437,BOOKOFF 福井エルパプラス店,〒910-0836,福井県福井市大和田2-418 エルパプラス3F,10:00～20:00,077-643-3775,大型店舗,"3,000台"
10439,BOOKOFF 鹿児島唐湊店,〒890-0081,鹿児島県鹿児島市唐湊1-10-5,10:00～21:30,050-1721-6954,中型店舗,90台
10440,BOOKOFF 127号君津店,〒299-1173,千葉県君津市外箕輪3-6-8,10:00～20:00,0439-50-8911,中型店舗,57台
10442,BOOKOFF 堺新金岡店,〒591-8025,大阪府堺市北区長曽根町545-1,10:00～21:00,072-240-7760,中型店舗,46台
10446,BOOKOFF 一関市役所前店,〒021-0023,岩手県一関市銅谷町3-1,10:00～21:00,0191-32-4646,中型店舗,25台
10447,BOOKOFF 那覇小禄店,〒901-0154,沖縄県那覇市赤嶺2-1-7,10:00～21:00,098-840-1292,中型店舗,42台
10448,BOOKOFF 大和郡山小泉店,〒639-1042,奈良県大和郡山市小泉町19-1,10:00～21:00,0743-54-7739,中型店舗,200台
10449,BOOKOFF 中条店,〒959-2629,新潟県胎内市中条2991-3,10:00～20:00,0254-44-1214,小型店舗,42台
10452,BOOKOFF 大阪千島ガーデンモール店,〒551-0003,大阪府大阪市大正区千島1-23-115,10:00～20:00,06-6556-3639,中型店舗,500台
10454,BOOKOFF 栃木真岡店,〒321-4361,栃木県真岡市並木町3-2-6,10:00～20:00,0285-80-2038,小型店舗,20台
10459,BOOKOFF 多治見大畑店,〒507-0818,岐阜県多治見市大畑町5-245,10:00～20:00,0572-21-6801,中型店舗,30台
10460,BOOKOFF 宮城利府店,〒981-0121,宮城県宮城郡利府町神谷沢館の内69-1,10:00～21:00,022-396-1700,中型店舗,100台
10461,BOOKOFF 八代横手店,〒866-0873,熊本県八代市横手町1152,10:00～20:00,0965-30-8191,中型店舗,200台
10466,BOOKOFF 京王国領駅前店,〒182-0022,東京都調布市国領町1-44-1,10:00～22:00,042-443-0707,小型店舗,なし
10467,BOOKOFF 龍ケ崎店,〒301-0822,茨城県龍ケ崎市光順田1750,10:00～20:00,,中型店舗,なし
10469,BOOKOFF 静岡流通通り店,〒420-0801,静岡県静岡市葵区東千代田1-7-16,10:00～23:00,050-1792-3889,中型店舗,40台
10472,BOOKOFF 倉敷笹沖店,〒710-0834,岡山県倉敷市笹沖362-23,10:00～22:00,050-1725-7596,中型店舗,32台
10476,BOOKOFF PLUS 日光今市店,〒321-2405,栃木県日光市芹沼1457,9:30～21:00,0288-30-7766,大型店舗,332台
10478,BOOKOFF 松江浜乃木店,〒690-0044,島根県松江市浜乃木7-1-1,10:00～20:00,0852-60-1515,中型店舗,20台
10481,BOOKOFF 藤沢六会店,〒252-0813,神奈川県藤沢市亀井野2-25-11,10:00～22:00,0466-82-5150,中型店舗,18台
10482,BOOKOFF 埼玉上福岡店,〒356-0002,埼玉県ふじみ野市清見4-1-2,10:00～22:00,049-267-8285,中型店舗,20台
10485,BOOKOFF 千葉茂原店,〒297-0029,千葉県茂原市高師1695-2,10:00～22:00,0475-20-4774,小型店舗,13台
10486,BOOKOFF 江東門前仲町店,〒135-0044,東京都江東区越中島1-2-7 アスミビル,10:00～21:00,03-5602-9945,小型店舗,なし
10489,BOOKOFF 静岡島田店,〒427-0041,静岡県島田市中河町8968-5,10:00～21:30,0547-33-1911,中型店舗,21台
10490,BOOKOFF 広島隅の浜店,〒731-5145,広島県広島市佐伯区隅の浜3-9-30,10:00～22:00,082-943-2902,中型店舗,100台
10491,BOOKOFF 松山中央店,〒791-8015,愛媛県松山市中央2-82-1,10:00～20:00,089-917-8112,中型店舗,45台
10492,BOOKOFF マリエとやま店,〒930-0003,富山県富山市桜町1丁目1-61 5F,10:00～20:00,076-482-4630,大型店舗,343台
10494,BOOKOFF 郡山安積店,〒963-0107,福島県郡山市安積町3-5,10:00～22:00,024-937-5671,中型店舗,60台
10496,BOOKOFF 滋賀水口店,〒528-0033,滋賀県甲賀市水口町綾野3-40,10:00～21:30,0748-62-3511,中型店舗,36台
10497,BOOKOFF 堺御陵前店,〒590-0964,大阪府堺市堺区新在家町東1-1-22,10:00～22:00,072-233-0711,中型店舗,22台
10499,BOOKOFF 札幌川下店,〒003-0863,北海道札幌市白石区川下三条5-1-23,10:00～20:00,011-872-7712,中型店舗,33台
10502,BOOKOFF 石川七尾店,〒926-0816,石川県七尾市藤橋町亥55-1,10:00～22:00,0767-53-7737,小型店舗,51台
10505,BOOKOFF 魚津店,〒937-0017,富山県魚津市江口257-1,10:00～21:00,0765-25-1006,大型店舗,86台
10507,BOOKOFF 東川口マルエツ店,〒333-0811,埼玉県川口市戸塚2-28-10,10:00～21:00,048-291-3191,中型店舗,99台
10511,BOOKOFF 市原辰巳台店,〒290-0004,千葉県市原市辰巳台西2-1,10:00～20:00,0436-76-7211,小型店舗,66台
10517,BOOKOFF PLUS 各務原インター店,〒504-0942,岐阜県各務原市小佐野町2-6,10:00～21:00,058-380-6208,大型店舗,116台
10518,BOOKOFF 大阪難波中店,〒556-0011,大阪府大阪市浪速区難波中3-1-15,10:00～22:30,06-6634-5422,中型店舗,なし
10519,BOOKOFF 網走店,〒093-0035,北海道網走市駒場南8-87,10:00～21:00,0152-61-6622,小型店舗,100台
10520,BOOKOFF 栃木さくら店,〒329-1312,栃木県さくら市櫻野505,09:00～22:00,028-682-5267,中型店舗,200台
10522,BOOKOFF 柏高柳駅前店,〒277-0941,千葉県柏市高柳1-6-6 ヤオコー3F,10:00～20:00,04-7157-0153,小型店舗,120台
10523,BOOKOFF 福井鯖江店,〒916-0038,福井県鯖江市下河端町13字4-1,10:00～21:00,0778-52-5555,中型店舗,80台
10524,BOOKOFF 名古屋川原通店,〒466-0853,愛知県名古屋市昭和区川原通1-24,10:00～21:00,052-761-3711,小型店舗,14台
10526,BOOKOFF 幡ヶ谷6号通店,〒151-0072,東京都渋谷区幡ケ谷2-9-19,10:00～20:00,03-5333-7688,小型店舗,なし
10527,BOOKOFF 静岡長泉店,〒411-0944,静岡県駿東郡長泉町竹原370-1,10:00～22:00,055-983-3022,中型店舗,54台
10528,BOOKOFF 守谷美園店,〒302-0124,茨城県守谷市美園4-1-5,10:00～22:00,0297-45-9989,小型店舗,35台
10529,BOOKOFF 行徳店,〒272-0105,千葉県市川市関ヶ島16-2,10:00～20:00,047-325-9952,小型店舗,18台
10535,BOOKOFF 小田原蛍田店,〒250-0854,神奈川県小田原市飯田岡39,10:00～21:00,0465-39-3201,小型店舗,58台
10537,BOOKOFF 福島信夫ヶ丘店,〒960-8218,福島県福島市高野河原下14-1,10:00～21:00,024-525-0511,小型店舗,41台
10538,BOOKOFF 長崎葉山店,〒852-8053,長崎県長崎市葉山1-6-2,10:00～20:00,095-855-8508,中型店舗,7台
10539,BOOKOFF 東長崎店,〒851-0134,長崎県長崎市田中町201-12,10:00～20:00,095-813-3900,中型店舗,23台
10540,BOOKOFF 相模大野店,〒252-0303,神奈川県相模原市南区相模大野5-30-7,10:00～22:00,042-749-5510,中型店舗,23台
10542,BOOKOFF 長岡古正寺店,〒940-2103,新潟県長岡市古正寺1-42-1,10:00～20:00,0258-20-5539,中型店舗,90台
10546,BOOKOFF PLUS 富士中島店,〒416-0907,静岡県富士市中島417-1,10:00～22:00,0545-65-5766,大型店舗,64台
10554,BOOKOFF 大分敷戸店,〒870-1121,大分県大分市鴛野字行衛1012-1,10:00～20:00,097-504-7371,中型店舗,31台
10557,BOOKOFF 兵庫太子店,〒671-1521,兵庫県揖保郡太子町東出262-1,10:00～21:00,0792-75-0525,中型店舗,226台
10558,BOOKOFF 佐渡佐和田店,〒952-1302,新潟県佐渡市市野沢104-1,10:00～20:00,0259-51-4011,小型店舗,50台
10561,BOOKOFF 福岡トリアス久山店,〒811-2502,福岡県糟屋郡久山町大字山田1075,10:00～20:00,092-652-3631,中型店舗,800台
10562,BOOKOFF 福島須賀川店,〒962-0013,福島県須賀川市岡東町9-10,10:00～21:00,0248-76-6133,中型店舗,40台
10565,BOOKOFF 新潟新通店,〒950-2035,新潟県新潟市西区新通1326-1,10:00～20:00,025-211-1200,中型店舗,200台
10566,BOOKOFF 宇都宮西川田店,〒321-0158,栃木県宇都宮市西川田本町3-1-1,10:00～20:00,028-684-0319,中型店舗,156台
10568,BOOKOFF 常陸大宮店,〒319-2215,茨城県常陸大宮市姥賀町594-1,10:00～20:00,0295-53-5589,小型店舗,32台
10569,BOOKOFF 豊栄インター店,〒950-3317,新潟県新潟市北区かぶとやま1-4-6,10:00～20:00,025-384-7110,中型店舗,50台
10571,BOOKOFF 姫路網干店,〒671-1254,兵庫県姫路市網干区余子浜233-1,10:00～21:00,0792-71-5533,小型店舗,25台
10573,BOOKOFF 中葛西店,〒134-0083,東京都江戸川区中葛西4-4-8,10:00～21:00,03-5878-3751,小型店舗,55台
10574,BOOKOFF 滋賀草津追分店,〒525-0048,滋賀県草津市追分南1-1-19,10:00～21:00,077-516-2055,中型店舗,16台
10576,BOOKOFF 十条駅前店,〒114-0034,東京都北区上十条2-7-11,10:00～22:00,03-5963-3571,小型店舗,なし
10580,BOOKOFF 福島白河店,〒961-0856,福島県白河市新白河2-180,10:00～22:00,0248-31-2302,中型店舗,60台
10581,BOOKOFF 6号相馬店,〒976-0042,福島県相馬市中村字砂子田139-4,11:00～20:00,0244-37-3003,小型店舗,20台
10583,BOOKOFF 門真古川橋店,〒571-0039,大阪府門真市速見町9-12,10:00～22:00,06-6909-0811,中型店舗,40台
10584,BOOKOFF 小倉葛原店,〒800-0251,福岡県北九州市小倉南区葛原1-7-10,10:00～20:00,093-474-5770,中型店舗,51台
10586,BOOKOFF JR稲田堤駅前店,〒214-0003,神奈川県川崎市多摩区菅稲田堤1-3-4,10:00～22:00,044-949-3260,小型店舗,なし
10587,BOOKOFF 山口旭通り店,〒753-0051,山口県山口市旭通り2-10-1,10:30～20:00,083-921-2009,中型店舗,30台
10591,BOOKOFF 神戸西鈴蘭台店,〒651-1132,兵庫県神戸市北区南五葉1-6-1,10:00～21:00,078-596-6160,小型店舗,11台
10597,BOOKOFF 天王寺駅前店,〒543-0055,大阪府大阪市天王寺区悲田院町9-21,10:00～22:00,06-6776-5161,中型店舗,なし
10598,BOOKOFF 周南秋月店,〒745-0825,山口県周南市秋月1-1-1,10:30～20:00,0834-39-2299,中型店舗,40台
10600,BOOKOFF 札幌菊水元町店,〒003-0822,北海道札幌市白石区菊水元町二条4-5-5,10:00～20:00,011-874-0114,中型店舗,20台
10604,BOOKOFF PLUS 17号北浦和店,〒330-0074,埼玉県さいたま市浦和区北浦和5-6-10,10:00～22:00,048-823-4033,大型店舗,31台
10605,BOOKOFF 大阪弁天町店,〒552-0007,大阪府大阪市港区弁天3-13-1 メガドンキホーテ弁天町2F,10:00～22:00,06-6571-1580,小型店舗,285台
10606,BOOKOFF 八王子大和田店,〒192-0045,東京都八王子市大和田町5-9-7,11:00～20:00,042-646-2902,中型店舗,20台
10608,BOOKOFF 磐田今之浦店,〒438-0071,静岡県磐田市今之浦4-21-10,10:00～20:00,0538-39-3636,小型店舗,23台
10611,BOOKOFF 湖西店,〒431-0301,静岡県湖西市新居町中之郷2296-8,10:00～20:00,053-488-4881,小型店舗,40台
10612,BOOKOFF 横浜鶴ヶ峰店,〒241-0021,神奈川県横浜市旭区鶴ケ峰本町1-27-13,10:00～20:00,045-958-0453,中型店舗,150台
10613,BOOKOFF 横須賀堀ノ内店,〒238-0014,神奈川県横須賀市三春町3-13-7,10:00～20:00,046-820-2872,中型店舗,50台
10617,BOOKOFF 横浜朝比奈店,〒236-0033,神奈川県横浜市金沢区東朝比奈3-24,10:00～20:00,045-780-1576,中型店舗,70台
10623,BOOKOFF 16号狭山上奥富店,〒350-1333,埼玉県狭山市上奥富平塚251-1,10:00～21:30,04-2969-6888,中型店舗,40台
10624,BOOKOFF 宇治小倉店,〒611-0042,京都府宇治市小倉町西山5-20,10:00～22:00,0774-28-5188,中型店舗,15台
10625,BOOKOFF 高知インター店,〒781-0015,高知県高知市薊野西町3-18-18,10:00～22:00,088-846-4646,大型店舗,80台
10626,BOOKOFF 宮崎清武店,〒889-1611,宮崎県宮崎市清武町新町2-2-1,10:00～21:00,050-1721-3012,中型店舗,40台
10627,BOOKOFF PLUS 銚子店,〒288-0815,千葉県銚子市三崎町2-2583-1,10:00～21:00,0479-21-7707,大型店舗,65台
10629,BOOKOFF 千駄木店,〒113-0022,東京都文京区千駄木3-43-3,10:00～21:00,03-5834-1567,小型店舗,なし
10637,BOOKOFF 浦安駅北店,〒279-0002,千葉県浦安市北栄1-11-24 第2YOSHIDAビル1F,10:00～21:00,047-306-2902,小型店舗,なし
10639,BOOKOFF 20号西八王子店,〒193-0835,東京都八王子市千人町3-18-24,10:00～20:00,042-669-4847,小型店舗,9台
10642,BOOKOFF 帯広西5条店,〒080-0014,北海道帯広市西四条南31丁目1-2,10:00～21:00,0155-28-7227,中型店舗,200台
10646,BOOKOFF 江戸川東小岩店,〒133-0052,東京都江戸川区東小岩4-1-7,10:00～20:00,03-5622-0411,小型店舗,20台
10647,BOOKOFF 日田十二町店,〒877-0000,大分県日田市大字十二町字前田549-1,10:00～20:00,0973-26-0573,小型店舗,20台
10649,BOOKOFF 新座志木南店,〒352-0002,埼玉県新座市東1-2-13,10:00～21:00,048-481-5520,中型店舗,30台
10652,BOOKOFF 上田中央店,〒386-0012,長野県上田市中央5-16-16,10:00～20:00,0268-29-8188,小型店舗,19台
10653,BOOKOFF 豊橋駅前店,〒440-0881,愛知県豊橋市広小路1-37 マスヤビル1F,10:00～21:00,0532-57-5388,小型店舗,なし
10655,BOOKOFF 岩見沢店,〒068-0854,北海道岩見沢市大和四条6-2-4,10:00～20:00,0126-23-8155,中型店舗,130台
10656,BOOKOFF 浜松富塚店,〒432-8002,静岡県浜松市中央区富塚町1710-1,10:00～21:00,053-478-4400,小型店舗,18台
10659,BOOKOFF 熊本宇土店,〒869-0411,熊本県宇土市水町50-1,10:00～20:00,0964-23-1133,中型店舗,900台
10660,BOOKOFF 旭川旭町店,〒070-0831,北海道旭川市旭町一条7 旭町ショッピングセンター内,10:00～20:00,0166-46-8050,中型店舗,100台
10661,BOOKOFF PLUS 茅野店,〒391-0216,長野県茅野市大字米沢303,10:00～20:00,0266-75-2944,大型店舗,450台
10663,BOOKOFF 秩父上野町店,〒368-0031,埼玉県秩父市上野町11-11,10:00～21:00,0494-21-3322,中型店舗,48台
10666,BOOKOFF 高砂米田店,〒676-0805,兵庫県高砂市米田町米田331-1,10:00～21:00,079-434-1747,中型店舗,50台
10670,BOOKOFF PLUS 可児店,〒509-0203,岐阜県可児市下恵土4116,10:00～20:00,0574-48-8155,大型店舗,200台
10671,BOOKOFF 栃木薗部店,〒328-0074,栃木県栃木市薗部町3-10-8,10:00～20:00,0282-20-1330,中型店舗,45台
10673,BOOKOFF 北九州三ヶ森店,〒807-0843,福岡県北九州市八幡西区三ヶ森4-12-17,10:00～20:00,093-621-2090,小型店舗,25台
10676,BOOKOFF PLUS 126号旭店,〒289-2504,千葉県旭市ニ3154,10:00～21:00,0479-60-5560,大型店舗,253台
10679,BOOKOFF 熊本くすのき店,〒861-8003,熊本県熊本市北区楠7-7-15,10:00～21:00,050-1725-7256,中型店舗,30台
10680,BOOKOFF 別府観光港前店,〒874-0922,大分県別府市船小路町3-32,10:00～20:00,0977-73-8756,中型店舗,40台
10686,BOOKOFF 熊本琴平店,〒860-0815,熊本県熊本市中央区春竹町大字春竹485-1,10:00～20:00,096-375-7544,小型店舗,45台
10687,BOOKOFF 亀戸駅東口店,〒136-0071,東京都江東区亀戸6-57-19,10:00～22:00,03-5858-2902,小型店舗,なし
10689,BOOKOFF 長野駅前店,〒380-0824,長野県長野市南石堂町1418,10:00～20:00,026-264-5656,小型店舗,なし
10692,BOOKOFF 五泉店,〒959-1825,新潟県五泉市太田新田925,10:00～20:00,0250-48-5160,中型店舗,400台
10693,BOOKOFF 中原街道長原店,〒145-0064,東京都大田区上池台1-14-19,10:00～21:00,03-5754-2551,小型店舗,なし
10695,BOOKOFF 千歳サーモン橋店,〒066-0026,北海道千歳市住吉1-9-14,10:00～20:00,0123-49-2828,中型店舗,30台
10696,BOOKOFF 伊豆の国大仁店,〒410-2322,静岡県伊豆の国市吉田395,10:00～21:00,0558-75-0500,中型店舗,30台
10697,BOOKOFF PLUS 加須店,〒347-0033,埼玉県加須市下高柳1-29 Vivamall1番街 D-17区画,10:00～22:00,0480-53-7260,大型店舗,2700台
10698,BOOKOFF いわき植田店,〒974-8212,福島県いわき市東田町1-28-1,10:00～21:00,0246-77-1345,中型店舗,25台
10699,BOOKOFF 高松郷東店,〒761-8031,香川県高松市郷東町17-10,10:00～22:00,050-1792-1131,中型店舗,34台
10700,BOOKOFF 岡山総社店,〒719-1126,岡山県総社市総社1035-1,10:00～21:00,0866-90-2532,中型店舗,50台
10703,BOOKOFF 208号柳川店,〒832-0806,福岡県柳川市三橋町柳河818-1,10:00～20:00,0944-75-4208,小型店舗,31台
10709,BOOKOFF 館山北条店,〒294-0045,千葉県館山市北条630,10:00～21:00,0470-30-9400,中型店舗,24台
10711,BOOKOFF 金沢野々市店,〒921-8816,石川県野々市市若松町21-1,10:00～20:00,076-294-8830,大型店舗,259台
10713,BOOKOFF 鳥取南吉方店,〒680-0843,鳥取県鳥取市南吉方3-111,10:00～20:00,0857-27-1900,小型店舗,33台
10715,BOOKOFF 鳥取カインズモール店,〒680-0921,鳥取県鳥取市古海字西加路田590,10:00～21:00,0857-39-2610,中型店舗,820台
10716,BOOKOFF 香里園店,〒572-0086,大阪府寝屋川市松屋町8-9,10:00～22:00,072-802-9111,中型店舗,15台
10718,BOOKOFF 姫路増位店,〒670-0807,兵庫県姫路市増位本町2-265-3,10:00～21:00,079-225-7850,中型店舗,21台
10720,BOOKOFF PLUS 大田原店,〒324-0041,栃木県大田原市本町1-2700,10:00～22:00,0287-20-3060,大型店舗,140台
10722,BOOKOFF 滝川店,〒073-0013,北海道滝川市南滝の川115-4,10:00～20:00,0125-26-1280,中型店舗,1300台
10723,BOOKOFF 札幌山鼻店,〒064-0914,北海道札幌市中央区南14条西15丁目4-16,10:00～20:00,011-520-0535,中型店舗,25台
10724,BOOKOFF JR上熊本駅店,〒860-0079,熊本県熊本市西区上熊本2-18-1,10:00～20:00,050-1725-8586,小型店舗,共用125台
10725,BOOKOFF 中板橋駅北口店,〒173-0016,東京都板橋区中板橋24-1,10:00～22:00,03-5943-9505,小型店舗,なし
10726,BOOKOFF 兵庫三木店,〒673-0404,兵庫県三木市大村字砂176-1,10:00～21:00,0794-89-0046,中型店舗,29台
10727,BOOKOFF 横浜中山店,〒226-0014,神奈川県横浜市緑区台村町370-1,10:00～21:30,045-929-0678,小型店舗,19台
10728,BOOKOFF 小山店,〒323-0820,栃木県小山市西城南6-5-12,10:00～21:30,0285-28-9688,中型店舗,51台
10729,BOOKOFF 福山松永店,〒729-0104,広島県福山市松永町6-10-48,10:00～22:00,084-930-4332,大型店舗,100台
10731,BOOKOFF 鎌倉手広店,〒248-0036,神奈川県鎌倉市手広6-2-14,10:00～20:00,0467-38-1870,中型店舗,100台
10732,BOOKOFF 伊勢中須店,〒516-0053,三重県伊勢市中須町642-1,10:00～20:00,0596-23-2350,小型店舗,116台
10734,BOOKOFF 新居浜西喜光地店,〒792-0827,愛媛県新居浜市西喜光地町2-6,10:00～20:00,0897-31-6681,中型店舗,73台
10735,BOOKOFF 松江黒田店,〒690-0876,島根県松江市黒田町506-1,10:00～20:00,0852-59-9560,中型店舗,48台
10736,BOOKOFF 下関一の宮店,〒751-0806,山口県下関市一の宮町3-9-7,10:00～20:00,0832-63-2030,中型店舗,35台
10738,BOOKOFF 下関王司店,〒752-0911,山口県下関市王司神田6-3-7,10:00～20:00,0832-49-2946,中型店舗,40台
10739,BOOKOFF 白井冨士店,〒270-1432,千葉県白井市冨士101-1,10:00～20:00,047-446-9011,中型店舗,22台
10740,BOOKOFF 愛媛松前店,〒791-3151,愛媛県伊予郡松前町東古泉15-1,10:00～20:00,089-961-6271,中型店舗,64台
10741,BOOKOFF PLUS 茨城古河店,〒306-0021,茨城県古河市松並2-16-40,10:00～21:00,0280-33-8401,大型店舗,58台
10743,BOOKOFF 北見メッセ店,〒090-0837,北海道北見市中央三輪5-423-18,10:00～20:00,0157-33-3601,中型店舗,250台
10744,BOOKOFF 横浜本郷台店,〒244-0842,神奈川県横浜市栄区飯島町1434,10:00～20:00,045-897-5159,中型店舗,40台
10745,BOOKOFF 京阪京橋店,〒534-0024,大阪府大阪市都島区東野田町1-6-22 kiki京橋3F,10:00～23:00,06-4801-8570,中型店舗,40台
10746,BOOKOFF 浜松原島店,〒435-0047,静岡県浜松市中央区原島町305,10:00～21:00,053-465-6211,小型店舗,17台
10747,BOOKOFF 新潟南万代店,〒950-0908,新潟県新潟市中央区幸西1-1-37,10:00～20:00,025-245-3165,中型店舗,174台
10748,BOOKOFF 16号春日部庄和店,〒344-0112,埼玉県春日部市西金野井376-1,10:00～20:00,048-746-7780,中型店舗,30台
10749,BOOKOFF 鹿児島出水店,〒899-0201,鹿児島県出水市緑町11-8,10:00～22:00,0996-63-7070,小型店舗,12台
10750,BOOKOFF 大井松田店,〒258-0019,神奈川県足柄上郡大井町金子312,9:30～20:00,0465-20-8600,中型店舗,80台
10752,BOOKOFF 鹿児島ジョイプラザ店,〒890-0068,鹿児島県鹿児島市東郡元町19-6,10:00～22:00,050-1721-2228,中型店舗,120台
10759,BOOKOFF 滋賀西大津店,〒520-0024,滋賀県大津市松山町12-1,10:00～21:00,077-524-9200,中型店舗,45台
10760,BOOKOFF 春日井高蔵寺店,〒487-0027,愛知県春日井市松本町1-10-6,10:00～21:00,0568-53-0204,小型店舗,200台
10761,BOOKOFF 新潟女池店,〒950-0943,新潟県新潟市中央区女池神明1-1604-1,10:00～20:00,025-288-6312,小型店舗,182台
10762,BOOKOFF 埼玉毛呂山店,〒350-0465,埼玉県入間郡毛呂山町岩井西2-14-6,10:00～21:00,049-295-6071,中型店舗,170台
10763,BOOKOFF 久留米上津バイパス店,〒830-0058,福岡県久留米市野伏間1-8-5,10:00～21:00,0942-51-3815,中型店舗,50台
10766,BOOKOFF 小樽インター店,〒047-0005,北海道小樽市勝納町8-7,10:00～20:00,0134-33-9991,中型店舗,40台
10770,BOOKOFF 4号宮城大河原店,〒989-1245,宮城県柴田郡大河原町字新南60-6,10:00～22:00,0224-86-3033,中型店舗,78台
10771,BOOKOFF 横須賀中央店,〒238-0008,神奈川県横須賀市大滝町2-25,10:00～20:00,046-828-3730,小型店舗,なし
10773,BOOKOFF 飯塚店,〒820-0089,福岡県飯塚市小正5,10:00～20:00,0948-23-6500,中型店舗,37台
10775,BOOKOFF 鎌ヶ谷道野辺店,〒273-0115,千葉県鎌ヶ谷市東道野辺5-11-38,10:00～20:00,047-402-2200,中型店舗,87台
10776,BOOKOFF 熊本田崎店,〒860-0068,熊本県熊本市西区上代1-21-10,10:00～20:00,050-1725-6956,中型店舗,32台
10777,BOOKOFF 楽市街道くるめ店,〒839-0865,福岡県久留米市新合川2-7-10 楽市街道くるめ店内,10:00～21:00,0942-45-6789,中型店舗,3台
10779,BOOKOFF 埼玉杉戸店,〒345-0025,埼玉県北葛飾郡杉戸町清地3-10-8,10:00～22:00,0480-48-6555,中型店舗,30台
10782,BOOKOFF SUPER BAZAAR エディオン大津店,〒520-2145,滋賀県大津市大将軍１丁目２８-５ 2階,10:00～21:00,077-572-5245,大型店舗,246台
10784,BOOKOFF 大分中津店,〒871-0011,大分県中津市下池永73-4,10:00～21:00,0979-85-0601,中型店舗,60台
10785,BOOKOFF 徳島阿南店,〒774-0013,徳島県阿南市日開野町南居内325,10:00～21:00,0884-23-1505,中型店舗,25台
10786,BOOKOFF 西尾下町店,〒445-0891,愛知県西尾市下町神明下63,10:00～21:00,0563-54-1800,中型店舗,22台
10787,BOOKOFF 諫早店,〒854-0036,長崎県諫早市長野町1639-1,10:00～20:00,0957-56-8901,中型店舗,164台
10788,BOOKOFF 倉敷浜店,〒710-0062,岡山県倉敷市浜町2-16-45,10:00～21:00,086-424-5551,中型店舗,20台
10789,BOOKOFF 苫小牧柳町店,〒053-0053,北海道苫小牧市柳町2-6,10:00～20:00,0144-53-5530,中型店舗,230台
10790,BOOKOFF ふじみ野苗間店,〒356-0052,埼玉県ふじみ野市苗間439-5,10:00～22:00,049-267-1058,中型店舗,46台
10791,BOOKOFF PLUS シンフォニープラザ八戸沼館店,〒031-0071,青森県八戸市沼館4-4-8 シンフォニープラザ沼館内,10:00～20:00,0178-20-0610,大型店舗,1000台
10792,BOOKOFF 19号春日井中央店,〒486-0842,愛知県春日井市六軒屋町東丘15-1,10:00～21:00,0568-86-3880,中型店舗,60台
10794,BOOKOFF 鶴岡7号バイパス店,〒997-0051,山形県鶴岡市荒井京田字荒田248-7,10:00～20:00,0235-29-2455,中型店舗,60台
10796,BOOKOFF 延岡平原店,〒882-0866,宮崎県延岡市平原町5-1492-13,10:00～21:00,050-1722-1422,大型店舗,150台
10799,BOOKOFF 札幌あいの里店,〒002-8071,北海道札幌市北区あいの里1条6丁目2-2 アイモール内,10:00～20:00,011-594-8863,小型店舗,150台
10801,BOOKOFF 千葉フレスポ稲毛店,〒263-0001,千葉県千葉市稲毛区長沼原町731-17,10:00～20:00,043-424-1853,中型店舗,1510台
10804,BOOKOFF 小野田店,〒756-0815,山口県山陽小野田市高栄3-1-1,10:30～20:00,0836-82-2299,中型店舗,40台
10805,BOOKOFF 八戸湊高台店,〒031-0823,青森県八戸市湊高台2-13-43,10:00～21:00,0178-32-0500,中型店舗,50台
10806,BOOKOFF 高知福井店,〒780-0965,高知県高知市福井町1212-1,10:00～21:00,088-822-2902,中型店舗,38台
10807,BOOKOFF 逗子久木店,〒249-0001,神奈川県逗子市久木4-13-25,10:00～20:00,046-874-0400,小型店舗,23台
10808,BOOKOFF 和泉中央店,〒594-0041,大阪府和泉市いぶき野5-6-17,09:00～22:00,050-1807-9649,中型店舗,250台
10809,BOOKOFF 258号大垣インター店,〒503-0854,岐阜県大垣市築捨町4-82,10:00～21:00,0584-88-0810,中型店舗,60台
10811,BOOKOFF 宇部店,〒755-0011,山口県宇部市昭和町4-11-50,10:30～20:00,0836-29-1033,中型店舗,55台
10813,BOOKOFF ドン・キホーテ柏駅前店,〒277-0005,千葉県柏市柏1-3-1 ドン・キホーテ柏駅前店 4階,10:00～21:00,04-7136-7442,小型店舗,なし
10814,BOOKOFF SUPER BAZAAR 彦根店,〒522-0201,滋賀県彦根市高宮町1525-1,10:00～20:00,0749-27-5755,大型店舗,1251台
10815,BOOKOFF 京都亀岡店,〒621-0822,京都府亀岡市篠町野条馬場35-1,10:00～21:00,0771-29-4862,中型店舗,65台
10817,BOOKOFF 奈良かしはら店,〒634-0007,奈良県橿原市葛本町780-1-2,10:00～21:00,0744-24-4529,大型店舗,164台
10820,BOOKOFF 津南郊店,〒514-0817,三重県津市高茶屋小森町丸田320,10:00～21:00,059-238-0288,中型店舗,30台
10821,BOOKOFF 伊賀上野店,〒518-0827,三重県伊賀市平野清水645-2,10:00～20:00,0595-26-2011,中型店舗,40台
10822,BOOKOFF 三宮センター街店,〒650-0021,兵庫県神戸市中央区三宮町2-10-7,10:00～20:00,078-335-1446,大型店舗,なし
10823,BOOKOFF 愛媛大洲店,〒795-0052,愛媛県大洲市若宮558-1,10:00～20:00,0893-57-6331,中型店舗,70台
10824,BOOKOFF 大館店,〒017-0864,秋田県大館市根下戸新町15-33,10:00～20:00,018-659-4677,中型店舗,30台
10825,BOOKOFF 奈良東山店,〒630-0225,奈良県生駒市東山町211-11,10:00～21:00,0743-76-2910,中型店舗,21台
10829,BOOKOFF 岩出中央店,〒649-6216,和歌山県岩出市野上野98-3,10:00～22:00,0736-67-2910,中型店舗,350台
10830,BOOKOFF 音更店,〒080-0111,北海道河東郡音更町木野大通東12丁目3-1,10:00～21:00,0155-67-0170,中型店舗,990台
10831,BOOKOFF PLUS 11号観音寺店,〒768-0021,香川県観音寺市吉岡町280-1,10:00～21:00,050-1792-2299,中型店舗,58台
10833,BOOKOFF PLUS 駒ヶ根店,〒399-4117,長野県駒ヶ根市赤穂971-1,10:00～20:00,0265-82-8810,大型店舗,93台
10838,BOOKOFF 足利朝倉店,〒326-0823,栃木県足利市朝倉町244-2,10:00～21:00,0284-22-7711,中型店舗,80台
10840,BOOKOFF PLUS 堺もず店,〒593-8302,大阪府堺市西区北条町1-23-7,10:00～21:30,072-278-5611,大型店舗,29台
10841,BOOKOFF PLUS 一宮尾西店,〒494-0007,愛知県一宮市小信中島郷東57,10:00～21:00,0586-63-1600,大型店舗,112台
10843,BOOKOFF イオン大久保西SC店,〒674-0071,兵庫県明石市魚住町金ヶ崎63-1,10:00～21:00,078-940-9560,中型店舗,341台
10844,BOOKOFF 横須賀佐原店,〒239-0845,神奈川県横須賀市粟田2-1-3,10:00～20:00,046-845-6606,中型店舗,100台
10845,BOOKOFF 浜松北寺島店,〒430-0923,静岡県浜松市中央区北寺島町492-2 バロー北寺島店２F,10:00～20:00,053-450-3301,小型店舗,239台
10846,BOOKOFF 鹿児島天文館店,〒892-0847,鹿児島県鹿児島市西千石町17-28,10:00～22:00,099-216-3371,中型店舗,なし
10847,BOOKOFF 神戸西鈴蘭台店,〒651-1132,兵庫県神戸市北区南五葉1-6-1,10:00～21:00,078-596-6160,小型店舗,11台
10848,BOOKOFF 厚木戸室店,〒243-0031,神奈川県厚木市戸室1-28-17,10:00～21:30 ,046-294-0313,大型店舗,80台
10849,BOOKOFF SUPER BAZAAR 松本駅前店,〒390-0815,長野県松本市深志1-2-30 アルピコプラザ5Ｆ,10:00～20:00,0263-31-0039,大型店舗,357台
10851,BOOKOFF 宇都宮インターパーク店,〒321-0118,栃木県宇都宮市インターパーク6丁目5-1（スポーツアリーナ インターパークプラスワン内）,10:00～20:00,028-666-0576,中型店舗,320台
10852,BOOKOFF 鹿児島加治木店,〒899-5241,鹿児島県姶良市加治木町木田2483-1,10:00～22:00,050-1721-1510,小型店舗,30台
10853,BOOKOFF 福岡行橋店,〒824-0031,福岡県行橋市西宮市1-12-13,10:00～20:00,0930-28-8960,中型店舗,43台
10854,BOOKOFF 新潟亀田インター店,〒950-0923,新潟県新潟市中央区姥ケ山76-1,10:00～20:00,025-383-6984,小型店舗,300台
10855,BOOKOFF 春日部豊春店,〒344-0046,埼玉県春日部市上蛭田631－2 コモディイイダ豊春店２F,10:00～21:00,048-760-4980,中型店舗,129台
10856,BOOKOFF 千葉イオンマリンピア専門館店,〒261-0004,千葉県千葉市美浜区高洲3-21-1 イオンマリンピア専門館２F,10:00～21:00,043-307-7862,小型店舗,240台
10857,BOOKOFF 小山花垣店,〒323-0027,栃木県小山市花垣町2-11-29,10:00～20:00,0285-37-9922,中型店舗,67台
10858,BOOKOFF 小牧店,〒485-0033,愛知県小牧市郷中1-99,10:00～21:00,0568-48-8805,中型店舗,70台
10859,BOOKOFF じゃんぼスクエア香芝店,〒639-0236,奈良県香芝市 磯壁3-40-1 2F,10:00～20:00,0745-44-3855,大型店舗,434台
10860,BOOKOFF 出雲高岡店,〒693-0066,島根県出雲市高岡町495,10:00～20:00,0853-31-7722,小型店舗,27台
10861,BOOKOFF 西那須野店,〒329-2735,栃木県那須塩原市太夫塚6-232-8,9:30～21:00,0287-47-4192,中型店舗,225台
10862,BOOKOFF 熊本インター店,〒861-8046,熊本県熊本市東区石原1-1-112,10:00～20:00,050-1721-5692,中型店舗,555台
10863,BOOKOFF ベイシア沼田モール店,〒378-0005,群馬県沼田市久屋原町413,10:00～20:00,0278-25-3558,中型店舗,343台
10864,BOOKOFF 本川越店,〒350-0043,埼玉県川越市新富町1-9-1,10:00～21:00,049-225-0013,中型店舗,なし
10865,BOOKOFF 飯能双柳店,〒357-0021,埼玉県飯能市双柳1485-7,10:00～21:00,042-983-1140,中型店舗,44台
10866,BOOKOFF 大阪熊取店,〒590-0451,大阪府泉南郡熊取町野田2-12-5,10:00～21:00,072-452-1270,中型店舗,30台
10867,BOOKOFF 大阪泉佐野羽倉崎店,〒598-0046,大阪府泉佐野市羽倉崎1-3105,10:00～22:00,050-1792-6952,小型店舗,30台
10868,BOOKOFF 千葉成東店,〒289-1326,千葉県山武市成東1808-1,10:00～20:00,0475-53-6802,小型店舗,839台