store_ID,store_name,address,lat,lng
10000,BOOKOFF PLUS 銚子店,千葉県銚子市三崎町2-2583-1,35.71479017,140.791227
10007,BOOKOFF 新潟黒埼インター店,新潟県新潟市西区山田3326,37.86912641,139.0155348
10008,BOOKOFF 皆生店,鳥取県米子市皆生4-11-19,35.44952163,133.3644539
10009,BOOKOFF 新潟寺尾前通店,新潟県新潟市西区寺尾前通1-15-1,37.88118891,138.9855104
10011,BOOKOFF 藍住店,徳島県板野郡藍住町東中富字直道傍示37,34.12715965,134.4750077
10013,BOOKOFF 仙台泉バイパス店,宮城県仙台市泉区市名坂楢町138-1,38.31806871,140.8986743
10016,BOOKOFF 村上店,新潟県村上市仲間町237-1,38.22216732,139.4913788
10019,BOOKOFF PLUS 高松新屋島店,香川県高松市木太町2709-1,34.33897871,134.0834511
10021,BOOKOFF 鴨島店,徳島県吉野川市鴨島町上下島114-1,34.06873164,134.3521447
10023,BOOKOFF 筑後店,福岡県筑後市大字長浜2351-1,33.20900564,130.5076475
10028,BOOKOFF 新座栗原店,埼玉県新座市栗原2-3-35,35.76225398,139.5517701
10032,BOOKOFF PLUS 仙台南バイパス店,宮城県名取市上余田字千刈田231-1,38.18799744,140.891829
10041,BOOKOFF 浜松高林店,静岡県浜松市中央区高林5-6-15,34.73297768,137.7344698
10043,BOOKOFF 仙台高砂店,宮城県仙台市宮城野区出花2-65-2,38.28002775,140.9859303
10045,BOOKOFF PLUS 伊那店,長野県伊那市西春近2893,35.81363657,137.9433446
10047,BOOKOFF 伏古店,北海道札幌市東区伏古二条4-3-8,43.08404329,141.391082
10048,BOOKOFF 福岡長住店,福岡県福岡市南区寺塚1-29-7,33.553261,130.4005138
10049,BOOKOFF 鶴ヶ島店,埼玉県鶴ヶ島市脚折町4-9-1,35.94821209,139.3951371
10050,BOOKOFF 藤枝店,静岡県藤枝市小石川町3-18-30,34.85700097,138.2639443
10054,BOOKOFF 太宰府店,福岡県太宰府市向佐野4-12-12,33.51075728,130.4936419
10055,BOOKOFF 松本筑摩店,長野県松本市筑摩3-2-12,36.22082074,137.9800569
10057,BOOKOFF 西長岡店,新潟県長岡市三ツ郷屋2-1-11,37.44744458,138.8159965
10060,BOOKOFF 新所沢店,埼玉県所沢市北所沢町2031-1,35.80959589,139.4545451
10062,BOOKOFF 九産大駅前店,福岡県福岡市東区唐原3-13-10,33.67863053,130.437203
10063,BOOKOFF 厚木妻田店,神奈川県厚木市妻田北1-12-21,35.46330324,139.3570598
10066,BOOKOFF 豊橋店,愛知県豊橋市南栄町字空池20-1,34.73427518,137.3846757
10070,BOOKOFF 岐阜則武店,岐阜県岐阜市則武122-1,35.44679272,136.7407917
10074,BOOKOFF 函南店,静岡県田方郡函南町塚本135-1,35.0789436,138.9365527
10078,BOOKOFF PLUS 登別店,北海道登別市若山町4-41-2,42.38294341,141.0693464
10081,BOOKOFF トナミ店,富山県砺波市新又152-2,36.65005127,136.9625505
10082,BOOKOFF 大府店,愛知県大府市柊山町5-404,35.01362121,136.953179
10085,BOOKOFF 新発田店,新潟県新発田市新栄町3-1-13,37.95220814,139.2966405
10086,BOOKOFF 大和高田店,奈良県大和高田市西三倉堂1-6-31,34.50517292,135.7421105
10087,BOOKOFF 高松仏生山店,香川県高松市出作町303-8,34.28431201,134.0494232
10088,BOOKOFF 大久保店,京都府宇治市大久保町旦椋126-1,34.87271305,135.7614998
10089,BOOKOFF 塩尻店,長野県塩尻市広丘高出1550-4,36.11940817,137.958102
10091,BOOKOFF 福山野上店,広島県福山市野上町3-5-3,34.47603734,133.3664776
10095,BOOKOFF 石巻蛇田店,宮城県石巻市蛇田下谷地40-1,38.44180346,141.2793215
10100,BOOKOFF 福岡福重店,福岡県福岡市西区福重4-1-7,33.56845943,130.3260112
10101,BOOKOFF 須坂店,長野県須坂市高梨町2493-5,36.65479724,138.2897182
10104,BOOKOFF PLUS 高知土佐道路店,高知県高知市朝倉南町8-30,33.54158459,133.4931941
10110,BOOKOFF 福井米松店,福井県福井市丸山1-410,36.07351546,136.2431348
10113,BOOKOFF 更埴店,長野県千曲市大字桜堂水引282-1,36.527149,138.1229568
10116,BOOKOFF 松江店,島根県松江市西川津町4245,35.48050672,133.0713113
10117,BOOKOFF 宇都宮今泉店,栃木県宇都宮市今泉町2998-1,36.57216834,139.915012
10120,BOOKOFF 川中島店,長野県長野市川中島町御厨856-3,36.60061035,138.1599181
10121,BOOKOFF 神辺店,広島県福山市神辺町新湯野3-39-6,34.5567524,133.3902016
10122,BOOKOFF 姫路三宅店,兵庫県姫路市飾磨区三宅2-58,34.8098556,134.6819503
10123,BOOKOFF 宝塚安倉店,兵庫県宝塚市安倉西3-422-1,34.79687334,135.372034
10125,BOOKOFF PLUS 堅田店,滋賀県大津市真野2-29-1 プライスプラザ内,35.12685122,135.920166
10126,BOOKOFF 奈良押熊店,奈良県奈良市押熊町537-1,34.71877519,135.7723125
10129,BOOKOFF 高槻別所店,大阪府高槻市別所中の町1-1,34.85830848,135.6254314
10131,BOOKOFF 久世橋店,京都府京都市南区久世上久世町779,34.963216,135.7159607
10133,BOOKOFF 今治片山店,愛媛県今治市片山3-10-33,34.05036094,132.9828265
10137,BOOKOFF 公立大学前店,北海道釧路市芦野4-1-2,43.01832324,144.39348280
10138,BOOKOFF 西条中央店,広島県東広島市西条中央4-1-1,34.4146627,132.743707
10139,BOOKOFF 上田原店,長野県上田市上田原722-8,36.39107645,138.2186492
10142,BOOKOFF 尼崎東難波店,兵庫県尼崎市東難波町2-11,34.72976313,135.411453
10145,BOOKOFF 富士宮北町店,静岡県富士宮市北町21-8,35.23549027,138.60973790
10146,BOOKOFF 近江八幡店,滋賀県近江八幡市白鳥町37-1,35.12095157,136.0976011
10148,BOOKOFF 豊橋東店,愛知県豊橋市飯村町字西山25-121,34.74933375,137.4139284
10153,BOOKOFF 上越教育大前店,新潟県上越市大学前49,37.13604383,138.2305666
10154,BOOKOFF 月寒東店,北海道札幌市豊平区月寒東4条11-3-1,43.03048125,141.4141022
10156,BOOKOFF コザ店,沖縄県沖縄市照屋1-32-20,26.33554339,127.817047
10157,BOOKOFF 宮崎矢の先店,宮崎県宮崎市矢の先町12-1,31.94066271,131.420141
10158,BOOKOFF 袋井店,静岡県袋井市川井1014-4,34.74449033,137.9090834
10160,BOOKOFF 会津門田店,福島県会津若松市飯寺北3丁目10番22号,37.478496,139.9022091
10162,BOOKOFF 大治店,愛知県海部郡大治町三本木屋形193-1,35.16889311,136.8196481
10163,BOOKOFF 春日店,福岡県春日市天神山7-2,33.51694489,130.4459067
10164,BOOKOFF 米子卸団地店,鳥取県米子市両三柳2360-6,35.45508972,133.3326392
10165,BOOKOFF 柏崎店,新潟県柏崎市藤元町1-1,37.37790004,138.5775292
10171,BOOKOFF 高松東バイパス店,香川県高松市六条町1205-1,34.30352137,134.0831015
10172,BOOKOFF 北方店,岐阜県本巣市上真桑2218-1,35.43478647,136.6786392
10178,BOOKOFF 下郡店,大分県大分市大字津留1916-1,33.23335439,131.6298752
10180,BOOKOFF 福井二の宮店,福井県福井市二の宮2-4-15,36.08504624,136.2216663
10182,BOOKOFF 50号桐生西店,群馬県みどり市笠懸町鹿3950,36.38501691,139.2683331
10191,BOOKOFF 掛川店,静岡県掛川市大池2999-1,34.77269779,137.9934238
10192,BOOKOFF 北41条店,北海道札幌市東区北四十一条東6丁目 マウンテンビル88_1Ｆ,43.11081343,141.3540443
10193,BOOKOFF 福島南店,福島県福島市黒岩字浜井場10-2,37.72714905,140.4697545
10194,BOOKOFF 津島店,愛知県津島市東柳原町2-51-1,35.17800186,136.7370028
10195,BOOKOFF 鹿沼店,栃木県鹿沼市上野町262-5,36.56736357,139.7639334
10196,BOOKOFF 苫小牧見山店,北海道苫小牧市見山町4-1-14,42.63503861,141.5622437
10200,BOOKOFF 新潟河渡店,新潟県新潟市東区河渡庚135-1 マーケットシティ河渡内,37.93248037,139.1018009
10201,BOOKOFF 宗像店,福岡県宗像市王丸763-2,33.78408222,130.5449262
10202,BOOKOFF 守恒店,福岡県北九州市小倉南区守恒本町2-7-5,33.83493384,130.8719608
10204,BOOKOFF 宇都宮環状鶴田店,栃木県宇都宮市鶴田町1249-1,36.55596056,139.8508497
10205,BOOKOFF 岡谷若宮店,長野県岡谷市若宮1-8134-2,36.06303765,138.061821
10208,BOOKOFF 佐久中込店,長野県佐久市中込2971-1,36.24908564,138.4788019
10209,BOOKOFF かりがね店,愛知県刈谷市築地町1-3-5,35.00993131,137.0164356
10211,BOOKOFF 国府店,徳島県徳島市国府町井戸字堂ノ裏30-7,34.08626898,134.4858062
10212,BOOKOFF 宇都宮竹林店,栃木県宇都宮市竹林町506-2,36.58070217,139.9089521
10213,BOOKOFF 武生店,福井県越前市押田1-3-5,35.90766532,136.1859775
10214,BOOKOFF 福生店,東京都福生市武蔵野台2-31-3,35.75058572,139.3299336
10215,BOOKOFF 高松国分寺店,香川県高松市国分寺町新居1371-2,34.2999396,133.9637703
10219,BOOKOFF 沼津リコー通り店,静岡県沼津市寿町23-33,35.11749122,138.8594466
10220,BOOKOFF 宜野湾店,沖縄県宜野湾市宜野湾2-1-17,26.26280177,127.7610589
10222,BOOKOFF 御殿場店,静岡県御殿場市東田中2-2-1,35.30098086,138.9398518
10225,BOOKOFF PLUS 佐賀南部バイパス店,佐賀県佐賀市本庄町大字袋297,33.23911218,130.3008526
10226,BOOKOFF PLUS 浜北店,静岡県浜松市浜名区本沢合805,34.80993049,137.7959234
10227,BOOKOFF 千葉ニュータウン中央店,千葉県白井市桜台1-1-7 アクロスプラザ千葉ニュータウン内,35.79961389,140.1096429
10228,BOOKOFF 札幌南郷20丁目店,北海道札幌市白石区南郷通20丁目南3-10,43.02913525,141.4379412
10229,BOOKOFF 恵庭バイパス店,北海道恵庭市黄金南7-18-3,42.88995019,141.6017779
10230,BOOKOFF 長野高田店,長野県長野市高田1174,36.63796443,138.2113845
10234,BOOKOFF PLUS 徳島沖浜店,徳島県徳島市沖浜3-24,34.04906662,134.5505173
10237,BOOKOFF 佐野店,栃木県佐野市浅沼町浅沼802,36.31013516,139.5918905
10238,BOOKOFF 北烏山店,東京都世田谷区北烏山5-21-11,35.68250307,139.587675
10239,BOOKOFF 宮崎駅東口店,宮崎県宮崎市宮崎駅東1丁目2-6,31.91481842,131.435732
10241,BOOKOFF 津山店,岡山県津山市二宮97-1,35.06139326,133.9588803
10242,BOOKOFF 札幌光星店,北海道札幌市東区北七条東8-2-1,43.07180901,141.3658983
10244,BOOKOFF 黒磯店,栃木県那須塩原市豊浦中町100-712,36.96674102,140.0464017
10245,BOOKOFF 燕三条店,新潟県燕市井土巻2-67,37.65351674,138.9299522
10251,BOOKOFF 清水岡町店,静岡県静岡市清水区岡町6-1,35.00817818,138.4856491
10252,BOOKOFF PLUS 松本芳川店,長野県松本市小屋南1-11-40,36.1821361,137.9558983
10253,BOOKOFF 大分森町店,大分県大分市森町555-1,33.22608041,131.6810124
10255,BOOKOFF とよあけ店,愛知県豊明市新田町門先11-13,35.0512944,137.0182852
10259,BOOKOFF 静岡馬渕店,静岡県静岡市駿河区馬渕3-4-6,34.96397741,138.3912312
10265,BOOKOFF 秦野渋沢店,神奈川県秦野市平沢363-3,35.37182283,139.1949136
10266,BOOKOFF 具志川店,沖縄県うるま市田場1222-1,26.37069698,127.8523903
10267,BOOKOFF 長岡川崎店,新潟県長岡市豊1-608,37.45807264,138.8691507
10268,BOOKOFF 東久留米前沢店,東京都東久留米市中央町4-14-35,35.74747024,139.5202961
10271,BOOKOFF 富士本吉原店,静岡県富士市今泉1-17-41,35.16219438,138.6929842
10273,BOOKOFF 中野七瀬店,長野県中野市七瀬98-3,36.75426408,138.3521298
10275,BOOKOFF 川内店,鹿児島県薩摩川内市上川内町4225-1,31.83618345,130.2886198
10276,BOOKOFF 佐倉王子台店,千葉県佐倉市王子台2-28-8,35.72620104,140.185085
10279,BOOKOFF 四街道店,千葉県四街道市大日466-32,35.67693321,140.1620996
10280,BOOKOFF 長野若槻店,長野県長野市稲田1-18-4,36.67439529,138.2182218
10283,BOOKOFF 神戸伊川谷店,兵庫県神戸市西区伊川谷町有瀬1345,34.66394894,135.013907
10284,BOOKOFF 武蔵中原店,神奈川県川崎市中原区上小田中6-12-1,35.58086343,139.6454467
10287,BOOKOFF フォレオ広島東店,広島県広島市東区温品1-3-2,34.40815689,132.5034087
10289,BOOKOFF 浜松芳川店,静岡県浜松市中央区都盛町85-1,34.68925155,137.7557015
10293,BOOKOFF 熊本健軍店,熊本県熊本市東区健軍3-50-17,32.77880438,130.7603986
10294,BOOKOFF 松山駅前店,愛媛県松山市宮田町123-1,33.84325882,132.7527891
10295,BOOKOFF 那覇与儀店,沖縄県那覇市字与儀372-2,26.201607,127.6960058
10296,BOOKOFF PLUS 徳島田宮店,徳島県徳島市南田宮2丁目146-1,34.07712083,134.5748778
10298,BOOKOFF 郡山昭和店,福島県郡山市昭和2-2-6,37.38736467,140.3931059
10301,BOOKOFF 北九州力丸店,福岡県北九州市八幡西区力丸町12-10,33.87929183,130.72335
10304,BOOKOFF PLUS 恵那店,岐阜県恵那市大井町１８０−１,35.45224899,137.4110821
10307,BOOKOFF 三島徳倉店,静岡県三島市徳倉4-36-3,35.14318645,138.9108466
10309,BOOKOFF 船橋高根木戸店,千葉県船橋市高根台6-43-2,35.72837764,140.0363713
10314,BOOKOFF 敦賀木崎店,福井県敦賀市木崎20-12,35.64317796,136.0499481
10316,BOOKOFF 江南赤童子店,愛知県江南市赤童子町良原81-1,35.33319877,136.8649062
10319,BOOKOFF 福岡野多目店,福岡県福岡市南区向新町2-2-33,33.54145814,130.4283186
10321,BOOKOFF 浜松初生店,静岡県浜松市中央区初生町590-6,34.76141891,137.7237359
10323,BOOKOFF 熊本北部店,熊本県熊本市北区鹿子木町189,32.87264294,130.7014541
10324,BOOKOFF 滋賀草津駒井沢店,滋賀県草津市駒井沢町33,35.04055951,135.9629595
10326,BOOKOFF PLUS 小諸西原店,長野県小諸市丙394-1,36.3367303,138.4113186
10328,BOOKOFF PLUS 富山黒瀬店,富山県富山市黒瀬北町2-2-5,36.66606079,137.2010945
10329,BOOKOFF いわき平店,福島県いわき市平上荒川砂屋戸27-3,37.03819713,140.8914199
10331,BOOKOFF 札幌平岡店,北海道札幌市清田区平岡六条1-1-15,43.01053726,141.4491662
10335,BOOKOFF 横浜十日市場店,神奈川県横浜市緑区十日市場町882-1,35.52720642,139.5180445
10336,BOOKOFF 佐賀高木瀬店,佐賀県佐賀市高木瀬町大字長瀬718-1,33.2874742,130.2894944
10339,BOOKOFF PLUS 22号一宮バイパス店,愛知県一宮市高畑町2-1-14,35.31935115,136.8109391
10340,BOOKOFF 盛岡稲荷店,岩手県盛岡市稲荷町1-25,39.70906226,141.1142506
10341,BOOKOFF 石川小松店,石川県小松市園町ハ185-1,36.40470951,136.4602968
10344,BOOKOFF 出雲渡橋店,島根県出雲市渡橋町800-1,35.36607585,132.7445554
10345,BOOKOFF 埼玉北坂戸店,埼玉県坂戸市鎌倉町1422-1,35.96631033,139.4036204
10347,BOOKOFF 新潟竹尾店,新潟県新潟市東区竹尾卸新町743-1,37.90942984,139.0965005
10348,BOOKOFF PLUS 飯田店,長野県飯田市鼎名古熊2073-1,35.49685217,137.8310463
10351,BOOKOFF 愛媛伊予三島店,愛媛県四国中央市具定町字倉ノ内500-3,33.97416965,133.5272961
10352,BOOKOFF 16号柏店,千葉県柏市柏698-1,35.86565243,139.9799444
10353,BOOKOFF 都城駅前店,宮崎県都城市栄町16-17,31.73465525,131.0751826
10354,BOOKOFF 4号栃木石橋店,栃木県下野市下古山128-1,36.45057576,139.8655586
10358,BOOKOFF 新潟関屋店,新潟県新潟市中央区関新3-2-32,37.90704969,139.0197504
10359,BOOKOFF 鹿児島国分店,鹿児島県霧島市国分中央1-7-31,31.74202403,130.7679874
10360,BOOKOFF 滋賀長浜店,滋賀県長浜市八幡中山町535,35.3917543,136.2760031
10362,BOOKOFF 福岡飯倉店,福岡県福岡市早良区飯倉7-32-54,33.55663911,130.3510033
10363,BOOKOFF 盛岡厨川店,岩手県盛岡市厨川1-15-50,39.74687927,141.1311229
10365,BOOKOFF 旭川永山店,北海道旭川市永山五条5-1-21,43.78929242,142.4070177
10367,BOOKOFF タイヨー小松台店,宮崎県宮崎市小松台南町13-1 2F,31.92619746,131.39148411
10369,BOOKOFF 杉並方南町駅前店,東京都杉並区堀ノ内1-4-2,35.68337114,139.6558254
10370,BOOKOFF 徳島川内店,徳島県徳島市川内町大松328-1,34.11796723,134.5787103
10372,BOOKOFF 六日町インター店,新潟県南魚沼市余川3079,37.08022273,138.8796581
10373,BOOKOFF 岐阜うさ店,岐阜県岐阜市宇佐南1-8,35.39629028,136.7341607
10374,BOOKOFF 16号柏沼南店,千葉県柏市大津ケ丘2-7-5,35.84233316,140.0010821
10377,BOOKOFF 江別店,北海道江別市上江別430-10,43.09813006,141.5489112
10383,BOOKOFF 埼玉伊奈店,埼玉県北足立郡伊奈町栄4-173,35.9804977,139.6414712
10387,BOOKOFF いわき鹿島店,福島県いわき市鹿島町走熊字西反町19-4,36.99816161,140.908541
10392,BOOKOFF 平塚駅西口店,神奈川県平塚市紅谷町16-4,35.3276802,139.3467339
10395,BOOKOFF 愛知蟹江店,愛知県海部郡蟹江町蟹江本町5-118,35.13784552,136.7952516
10398,BOOKOFF 旭川旭神店,北海道旭川市旭神三条5-2,43.73337861,142.3890932
10399,BOOKOFF 福島瀬上店,福島県福島市瀬上町寺後1-1,37.80315315,140.492826
10402,BOOKOFF 福知山駅南町店,京都府福知山市駅南町2-20,35.29120345,135.1215772
10403,BOOKOFF 札幌中の島店,北海道札幌市豊平区中の島一条4-7-1,43.03372355,141.3590467
10404,BOOKOFF 朝霞台駅前店,埼玉県朝霞市浜崎1-3-6,35.81526101,139.5882037
10406,BOOKOFF 赤羽駅東口店,東京都北区赤羽2-49-6,35.78112313,139.7228026
10409,BOOKOFF 川口飯塚店,埼玉県川口市飯塚2-13-9,35.79793582,139.7115961
10410,BOOKOFF 松山久米店,愛媛県松山市南久米町243-1,33.81626882,132.8050377
10411,BOOKOFF 川崎長沢店,神奈川県川崎市多摩区長沢4-29-5,35.59915797,139.5342199
10413,BOOKOFF 横浜港南丸山台店,神奈川県横浜市港南区丸山台4-3-1,35.39448322,139.5663665
10414,BOOKOFF 東大阪吉原店,大阪府東大阪市吉原2-4-2,34.68677027,135.6250359
10415,BOOKOFF 十日町妻有ショッピングセンター店,新潟県十日町市高田町6,37.13834477,138.7462715
10417,BOOKOFF 高岡西町店,富山県高岡市西町4-25,36.75087091,136.9974753
10421,BOOKOFF 新津店,新潟県新潟市秋葉区程島1900,37.78559222,139.11255690
10422,BOOKOFF 高知高須店,高知県高知市葛島2-3-55,33.55683003,133.5738676
10429,BOOKOFF アクロスプラザ与次郎店,鹿児島県鹿児島市与次郎1-7-20,31.56940371,130.5622015
10434,BOOKOFF PLUS 福岡糸島店,福岡県糸島市前原東2-1-1,33.56055068,130.2051008
10436,BOOKOFF 三条店,新潟県三条市西裏館2-10-39,37.64059741,138.9553575
10437,BOOKOFF 福井エルパプラス店,福井県福井市大和田2-418 エルパプラス3F,36.09487824,136.24873022
10439,BOOKOFF 鹿児島唐湊店,鹿児島県鹿児島市唐湊1-10-5,31.57302717,130.5381655
10440,BOOKOFF 127号君津店,千葉県君津市外箕輪3-6-8,35.32350232,139.9248374
10442,BOOKOFF 堺新金岡店,大阪府堺市北区長曽根町545-1,34.56384665,135.5138893
10446,BOOKOFF 一関市役所前店,岩手県一関市銅谷町3-1,38.93365739,141.1266211
10447,BOOKOFF 那覇小禄店,沖縄県那覇市赤嶺2-1-7,26.19300208,127.6612779
10448,BOOKOFF 大和郡山小泉店,奈良県大和郡山市小泉町19-1,34.6322385,135.7622964
10449,BOOKOFF 中条店,新潟県胎内市中条2991-3,38.0512509,139.4098137
10452,BOOKOFF 大阪千島ガーデンモール店,大阪府大阪市大正区千島1-23-115,34.65232763,135.4753781
10454,BOOKOFF 栃木真岡店,栃木県真岡市並木町3-2-6,36.44320122,140.0009789
10459,BOOKOFF 多治見大畑店,岐阜県多治見市大畑町5-245,35.31862138,137.1356117
10460,BOOKOFF 宮城利府店,宮城県宮城郡利府町神谷沢館の内69-1,38.31161558,140.9546948
10461,BOOKOFF 八代横手店,熊本県八代市横手町1152,32.51621985,130.6107667
10466,BOOKOFF 京王国領駅前店,東京都調布市国領町1-44-1,35.65012036,139.5571007
10467,BOOKOFF 龍ケ崎店,茨城県龍ケ崎市光順田1750,35.90546707,140.19731648
10469,BOOKOFF 静岡流通通り店,静岡県静岡市葵区東千代田1-7-16,35.00039181,138.4084645
10472,BOOKOFF 倉敷笹沖店,岡山県倉敷市笹沖362-23,34.57204785,133.768391
10476,BOOKOFF PLUS 日光今市店,栃木県日光市芹沼1457,36.74171374,139.7101905
10478,BOOKOFF 松江浜乃木店,島根県松江市浜乃木7-1-1,35.44170727,133.060024
10481,BOOKOFF 藤沢六会店,神奈川県藤沢市亀井野2-25-11,35.38163399,139.4751684
10482,BOOKOFF 埼玉上福岡店,埼玉県ふじみ野市清見4-1-2,35.88528533,139.5214751
10485,BOOKOFF 千葉茂原店,千葉県茂原市高師1695-2,35.43636635,140.2872535
10486,BOOKOFF 江東門前仲町店,東京都江東区越中島1-2-7 アスミビル,35.67068292,139.7925634
10489,BOOKOFF 静岡島田店,静岡県島田市中河町8968-5,34.8370806,138.1817509
10490,BOOKOFF 広島隅の浜店,広島県広島市佐伯区隅の浜3-9-30,34.36094044,132.3462509
10491,BOOKOFF 松山中央店,愛媛県松山市中央2-82-1,33.85567516,132.7484025
10492,BOOKOFF マリエとやま店,富山県富山市桜町1丁目1-61 5F,36.70052004,137.2139737
10494,BOOKOFF 郡山安積店,福島県郡山市安積町3-5,37.35635348,140.3655117
10496,BOOKOFF 滋賀水口店,滋賀県甲賀市水口町綾野3-40,34.97639167,136.1684554
10497,BOOKOFF 堺御陵前店,大阪府堺市堺区新在家町東1-1-22,34.57125376,135.4679158
10499,BOOKOFF 札幌川下店,北海道札幌市白石区川下三条5-1-23,43.04847352,141.4472564
10502,BOOKOFF 石川七尾店,石川県七尾市藤橋町亥55-1,37.03739411,136.9537634
10505,BOOKOFF 魚津店,富山県魚津市江口257-1,36.83856326,137.4220173
10507,BOOKOFF 東川口マルエツ店,埼玉県川口市戸塚2-28-10,35.87270963,139.7493111
10511,BOOKOFF 市原辰巳台店,千葉県市原市辰巳台西2-1,35.5195683,140.1482006
10517,BOOKOFF PLUS 各務原インター店,岐阜県各務原市小佐野町2-6,35.38955575,136.827144
10518,BOOKOFF 大阪難波中店,大阪府大阪市浪速区難波中3-1-15,34.66273093,135.5003106
10519,BOOKOFF 網走店,北海道網走市駒場南8-87,43.99763125,144.2858811
10520,BOOKOFF 栃木さくら店,栃木県さくら市櫻野505,36.68207942,139.9754718
10522,BOOKOFF 柏高柳駅前店,千葉県柏市高柳1-6-6 ヤオコー3F,35.80807018,139.9981147
10523,BOOKOFF 福井鯖江店,福井県鯖江市下河端町13字4-1,35.96539171,136.1891244
10524,BOOKOFF 名古屋川原通店,愛知県名古屋市昭和区川原通1-24,35.15691903,136.9519421
10526,BOOKOFF 幡ヶ谷6号通店,東京都渋谷区幡ケ谷2-9-19,35.678326,139.6774158
10527,BOOKOFF 静岡長泉店,静岡県駿東郡長泉町竹原370-1,35.11674814,138.8986437
10528,BOOKOFF 守谷美園店,茨城県守谷市美園4-1-5,35.92406034,140.0005535
10529,BOOKOFF 行徳店,千葉県市川市関ヶ島16-2,35.68756936,139.91797824
10535,BOOKOFF 小田原蛍田店,神奈川県小田原市飯田岡39,35.28779248,139.1496582
10537,BOOKOFF 福島信夫ヶ丘店,福島県福島市高野河原下14-1,37.77203056,140.4905429
10538,BOOKOFF 長崎葉山店,長崎県長崎市葉山1-6-2,32.80443498,129.8506196
10539,BOOKOFF 東長崎店,長崎県長崎市田中町201-12,32.76271932,129.9511929
10540,BOOKOFF 相模大野店,神奈川県相模原市南区相模大野5-30-7,35.53043308,139.4309522
10542,BOOKOFF 長岡古正寺店,新潟県長岡市古正寺1-42-1,37.45375884,138.8199813
10546,BOOKOFF PLUS 富士中島店,静岡県富士市中島417-1,35.16235622,138.654388
10554,BOOKOFF 大分敷戸店,大分県大分市鴛野字行衛1012-1,33.18693888,131.6149482
10557,BOOKOFF 兵庫太子店,兵庫県揖保郡太子町東出262-1,34.8326476,134.5935543
10558,BOOKOFF 佐渡佐和田店,新潟県佐渡市市野沢104-1,38.00789994,138.33877914
10561,BOOKOFF 福岡トリアス久山店,福岡県糟屋郡久山町大字山田1075,33.65453791,130.4923456
10562,BOOKOFF 福島須賀川店,福島県須賀川市岡東町9-10,37.2957576,140.3630409
10565,BOOKOFF 新潟新通店,新潟県新潟市西区新通1326-1,37.86163343,138.9506316
10566,BOOKOFF 宇都宮西川田店,栃木県宇都宮市西川田本町3-1-1,36.5153001,139.8440155
10568,BOOKOFF 常陸大宮店,茨城県常陸大宮市姥賀町594-1,36.55840938,140.4070989
10569,BOOKOFF 豊栄インター店,新潟県新潟市北区かぶとやま1-4-6,37.9277033,139.2201457
10571,BOOKOFF 姫路網干店,兵庫県姫路市網干区余子浜233-1,34.78581577,134.586396
10573,BOOKOFF 中葛西店,東京都江戸川区中葛西4-4-8,35.6669058,139.8657227
10574,BOOKOFF 滋賀草津追分店,滋賀県草津市追分南1-1-19,34.99967115,135.9597358
10576,BOOKOFF 十条駅前店,東京都北区上十条2-7-11,35.75941906,139.7218597
10580,BOOKOFF 福島白河店,福島県白河市新白河2-180,37.12039976,140.1953169
10581,BOOKOFF 6号相馬店,福島県相馬市中村字砂子田139-4,37.79988129,140.9283415
10583,BOOKOFF 門真古川橋店,大阪府門真市速見町9-12,34.734878,135.5935104
10584,BOOKOFF 小倉葛原店,福岡県北九州市小倉南区葛原1-7-10,33.84389046,130.9098698
10586,BOOKOFF JR稲田堤駅前店,神奈川県川崎市多摩区菅稲田堤1-3-4,35.63432888,139.5353042
10587,BOOKOFF 山口旭通り店,山口県山口市旭通り2-10-1,34.16976839,131.4753209
10591,BOOKOFF 神戸西鈴蘭台店,兵庫県神戸市北区南五葉1-6-1,34.72355097,135.1350316
10597,BOOKOFF 天王寺駅前店,大阪府大阪市天王寺区悲田院町9-21,34.64795528,135.5150231
10598,BOOKOFF 周南秋月店,山口県周南市秋月1-1-1,34.05325271,131.824712
10600,BOOKOFF 札幌菊水元町店,北海道札幌市白石区菊水元町二条4-5-5,43.06602667,141.4029083
10604,BOOKOFF PLUS 17号北浦和店,埼玉県さいたま市浦和区北浦和5-6-10,35.87381558,139.6394272
10605,BOOKOFF 大阪弁天町店,大阪府大阪市港区弁天3-13-1 メガドンキホーテ弁天町2F,34.66618191,135.4539609
10606,BOOKOFF 八王子大和田店,東京都八王子市大和田町5-9-7,35.6641651,139.3528076
10608,BOOKOFF 磐田今之浦店,静岡県磐田市今之浦4-21-10,34.7240074,137.8578639
10611,BOOKOFF 湖西店,静岡県湖西市新居町中之郷2296-8,34.70432351,137.55147941
10612,BOOKOFF 横浜鶴ヶ峰店,神奈川県横浜市旭区鶴ケ峰本町1-27-13,35.47779999,139.5391778
10613,BOOKOFF 横須賀堀ノ内店,神奈川県横須賀市三春町3-13-7,35.26680645,139.6887353
10617,BOOKOFF 横浜朝比奈店,神奈川県横浜市金沢区東朝比奈3-24,35.32852324,139.6015041
10623,BOOKOFF 16号狭山上奥富店,埼玉県狭山市上奥富平塚251-1,35.87137405,139.423006
10624,BOOKOFF 宇治小倉店,京都府宇治市小倉町西山5-20,34.88957873,135.77990273
10625,BOOKOFF 高知インター店,高知県高知市薊野西町3-18-18,33.57825995,133.5543132
10626,BOOKOFF 宮崎清武店,宮崎県宮崎市清武町新町2-2-1,31.85500542,131.3956148
10627,BOOKOFF PLUS 銚子店,千葉県銚子市三崎町2-2583-1,35.71479017,140.791227
10629,BOOKOFF 千駄木店,東京都文京区千駄木3-43-3,35.72833184,139.7636586
10637,BOOKOFF 浦安駅北店,千葉県浦安市北栄1-11-24 第2YOSHIDAビル1F,35.6672738,139.893411
10639,BOOKOFF 20号西八王子店,東京都八王子市千人町3-18-24,35.65671111,139.3103914
10642,BOOKOFF 帯広西5条店,北海道帯広市西四条南31丁目1-2,42.89609475,143.2025886
10646,BOOKOFF 江戸川東小岩店,東京都江戸川区東小岩4-1-7,35.72480483,139.8891883
10647,BOOKOFF 日田十二町店,大分県日田市大字十二町字前田549-1,33.32311452,130.9215352
10649,BOOKOFF 新座志木南店,埼玉県新座市東1-2-13,35.81201057,139.5670137
10652,BOOKOFF 上田中央店,長野県上田市中央5-16-16,36.4056559,138.2598524
10653,BOOKOFF 豊橋駅前店,愛知県豊橋市広小路1-37 マスヤビル1F,34.76418479,137.383861
10655,BOOKOFF 岩見沢店,北海道岩見沢市大和四条6-2-4,43.18721914,141.7436767
10656,BOOKOFF 浜松富塚店,静岡県浜松市中央区富塚町1710-1,34.72440917,137.7032971
10659,BOOKOFF 熊本宇土店,熊本県宇土市水町50-1,32.69041294,130.6712089
10660,BOOKOFF 旭川旭町店,北海道旭川市旭町一条7 旭町ショッピングセンター内,43.78607783,142.3512044
10661,BOOKOFF PLUS 茅野店,長野県茅野市大字米沢303,36.01173794,138.1739936
10663,BOOKOFF 秩父上野町店,埼玉県秩父市上野町11-11,35.99587116,139.0868987
10666,BOOKOFF 高砂米田店,兵庫県高砂市米田町米田331-1,34.77877507,134.8070803
10670,BOOKOFF PLUS 可児店,岐阜県可児市下恵土4116,35.42593053,137.0434535
10671,BOOKOFF 栃木薗部店,栃木県栃木市薗部町3-10-8,36.38047184,139.7165455
10673,BOOKOFF 北九州三ヶ森店,福岡県北九州市八幡西区三ヶ森4-12-17,33.83373972,130.73926504
10676,BOOKOFF PLUS 126号旭店,千葉県旭市ニ3154,35.7230438,140.6395944
10679,BOOKOFF 熊本くすのき店,熊本県熊本市北区楠7-7-15,32.84956287,130.7608254
10680,BOOKOFF 別府観光港前店,大分県別府市船小路町3-32,33.3017241,131.5017642
10686,BOOKOFF 熊本琴平店,熊本県熊本市中央区春竹町大字春竹485-1,32.78547315,130.7037463
10687,BOOKOFF 亀戸駅東口店,東京都江東区亀戸6-57-19,35.69702134,139.8290234
10689,BOOKOFF 長野駅前店,長野県長野市南石堂町1418,36.6452635,138.1868637
10692,BOOKOFF 五泉店,新潟県五泉市太田新田925,37.74424943,139.1877338
10693,BOOKOFF 中原街道長原店,東京都大田区上池台1-14-19,35.60309639,139.6969958
10695,BOOKOFF 千歳サーモン橋店,北海道千歳市住吉1-9-14,42.83478484,141.662363
10696,BOOKOFF 伊豆の国大仁店,静岡県伊豆の国市吉田395,35.00139738,138.9398986
10697,BOOKOFF PLUS 加須店,埼玉県加須市下高柳1-29  Vivamall1番街 D-17区画,36.11061524,139.6072107
10698,BOOKOFF いわき植田店,福島県いわき市東田町1-28-1,36.92244454,140.8004801
10699,BOOKOFF 高松郷東店,香川県高松市郷東町17-10,34.34218568,134.0152741
10700,BOOKOFF 岡山総社店,岡山県総社市総社1035-1,34.67697687,133.7590676
10703,BOOKOFF 208号柳川店,福岡県柳川市三橋町柳河818-1,33.17678203,130.4089975
10709,BOOKOFF 館山北条店,千葉県館山市北条630,34.99162737,139.8706869
10711,BOOKOFF 金沢野々市店,石川県野々市市若松町21-1,36.53484921,136.614328
10713,BOOKOFF 鳥取南吉方店,鳥取県鳥取市南吉方3-111,35.48779887,134.2352737
10715,BOOKOFF 鳥取カインズモール店,鳥取県鳥取市古海字西加路田590,35.49538134,134.2034146
10716,BOOKOFF 香里園店,大阪府寝屋川市松屋町8-9,34.78498474,135.6263853
10718,BOOKOFF 姫路増位店,兵庫県姫路市増位本町2-265-3,34.8555788,134.704872
10720,BOOKOFF PLUS 大田原店,栃木県大田原市本町1-2700,36.87334127,140.0133132
10722,BOOKOFF 滝川店,北海道滝川市南滝の川115-4,43.56856338,141.931673
10723,BOOKOFF 札幌山鼻店,北海道札幌市中央区南14条西15丁目4-16,43.04006649,141.3355762
10724,BOOKOFF JR上熊本駅店,熊本県熊本市西区上熊本2-18-1,32.81833466,130.69984996
10725,BOOKOFF 中板橋駅北口店,東京都板橋区中板橋24-1,35.75608575,139.6953881
10726,BOOKOFF 兵庫三木店,兵庫県三木市大村字砂176-1,34.80593966,134.9729329
10727,BOOKOFF 横浜中山店,神奈川県横浜市緑区台村町370-1,35.51524342,139.5355379
10728,BOOKOFF 小山店,栃木県小山市西城南6-5-12,36.28968373,139.8058664
10729,BOOKOFF 福山松永店,広島県福山市松永町6-10-48,34.44236594,133.2547044
10731,BOOKOFF 鎌倉手広店,神奈川県鎌倉市手広6-2-14,35.33234095,139.5038826
10732,BOOKOFF 伊勢中須店,三重県伊勢市中須町642-1,34.49253014,136.6782909
10734,BOOKOFF 新居浜西喜光地店,愛媛県新居浜市西喜光地町2-6,33.93965333,133.2954505
10735,BOOKOFF 松江黒田店,島根県松江市黒田町506-1,35.47849613,133.0452666
10736,BOOKOFF 下関一の宮店,山口県下関市一の宮町3-9-7,33.99755615,130.9521756
10738,BOOKOFF 下関王司店,山口県下関市王司神田6-3-7,34.04826515,131.0170007
10739,BOOKOFF 白井冨士店,千葉県白井市冨士101-1,35.76723614,140.0226778
10740,BOOKOFF 愛媛松前店,愛媛県伊予郡松前町東古泉15-1,33.78515179,132.7136501
10741,BOOKOFF PLUS 茨城古河店,茨城県古河市松並2-16-40,36.20922524,139.7101976
10743,BOOKOFF 北見メッセ店,北海道北見市中央三輪5-423-18,43.7968481,143.8563253
10744,BOOKOFF 横浜本郷台店,神奈川県横浜市栄区飯島町1434,35.37460107,139.540661
10745,BOOKOFF 京阪京橋店,大阪府大阪市都島区東野田町1-6-22 kiki京橋3F,34.69631753,135.5300105
10746,BOOKOFF 浜松原島店,静岡県浜松市中央区原島町305,34.73073456,137.7712617
10747,BOOKOFF 新潟南万代店,新潟県新潟市中央区幸西1-1-37,37.91231548,139.0517268
10748,BOOKOFF 16号春日部庄和店,埼玉県春日部市西金野井376-1,35.98866528,139.8057698
10749,BOOKOFF 鹿児島出水店,鹿児島県出水市緑町11-8,32.09343603,130.3505682
10750,BOOKOFF 大井松田店,神奈川県足柄上郡大井町金子312,35.33694154,139.1517435
10752,BOOKOFF 鹿児島ジョイプラザ店,鹿児島県鹿児島市東郡元町19-6,31.55368654,130.5458553
10759,BOOKOFF 滋賀西大津店,滋賀県大津市松山町12-1,35.02747526,135.8647365
10760,BOOKOFF 春日井高蔵寺店,愛知県春日井市松本町1-10-6,35.27237946,137.0231822
10761,BOOKOFF 新潟女池店,新潟県新潟市中央区女池神明1-1604-1,37.89033826,139.0388307
10762,BOOKOFF 埼玉毛呂山店,埼玉県入間郡毛呂山町岩井西2-14-6,35.94621944,139.3144983
10763,BOOKOFF 久留米上津バイパス店,福岡県久留米市野伏間1-8-5,33.28492713,130.5110323
10766,BOOKOFF 小樽インター店,北海道小樽市勝納町8-7,43.18380583,141.0165721
10770,BOOKOFF 4号宮城大河原店,宮城県柴田郡大河原町字新南60-6,38.05315831,140.7303487
10771,BOOKOFF 横須賀中央店,神奈川県横須賀市大滝町2-25,35.28008605,139.669473
10773,BOOKOFF 飯塚店,福岡県飯塚市小正5,33.62474241,130.669919
10775,BOOKOFF 鎌ヶ谷道野辺店,千葉県鎌ヶ谷市東道野辺5-11-38,35.75040581,140.0010659
10776,BOOKOFF 熊本田崎店,熊本県熊本市西区上代1-21-10,32.78267802,130.6726022
10777,BOOKOFF 楽市街道くるめ店,福岡県久留米市新合川2-7-10 楽市街道くるめ店内,33.31978366,130.5426704
10779,BOOKOFF 埼玉杉戸店,埼玉県北葛飾郡杉戸町清地3-10-8,36.02201272,139.7428937
10782,BOOKOFF SUPER BAZAAR エディオン大津店,滋賀県大津市大将軍１丁目２８-５ 2階,34.99544322,135.92217278
10784,BOOKOFF 大分中津店,大分県中津市下池永73-4,33.58918361,131.2123679
10785,BOOKOFF 徳島阿南店,徳島県阿南市日開野町南居内325,33.91803104,134.6735419
10786,BOOKOFF 西尾下町店,愛知県西尾市下町神明下63,34.86764916,137.0441283
10787,BOOKOFF 諫早店,長崎県諫早市長野町1639-1,32.83261571,130.0786314
10788,BOOKOFF 倉敷浜店,岡山県倉敷市浜町2-16-45,34.61001298,133.7742573
10789,BOOKOFF 苫小牧柳町店,北海道苫小牧市柳町2-6,42.65854068,141.6467112
10790,BOOKOFF ふじみ野苗間店,埼玉県ふじみ野市苗間439-5,35.85744609,139.5291969
10791,BOOKOFF PLUS シンフォニープラザ八戸沼館店,青森県八戸市沼館4-4-8 シンフォニープラザ沼館内,40.52896385,141.4945214
10792,BOOKOFF 19号春日井中央店,愛知県春日井市六軒屋町東丘15-1,35.25823447,136.9858113
10794,BOOKOFF 鶴岡7号バイパス店,山形県鶴岡市荒井京田字荒田248-7,38.75296481,139.8223511
10796,BOOKOFF 延岡平原店,宮崎県延岡市平原町5-1492-13,32.54943091,131.6777973
10799,BOOKOFF 札幌あいの里店,北海道札幌市北区あいの里1条6丁目2-2 アイモール内,43.15695753,141.3997972
10801,BOOKOFF 千葉フレスポ稲毛店,千葉県千葉市稲毛区長沼原町731-17,35.65757546,140.1277033
10804,BOOKOFF 小野田店,山口県山陽小野田市高栄3-1-1,33.98512727,131.1725367
10805,BOOKOFF 八戸湊高台店,青森県八戸市湊高台2-13-43,40.50369996,141.5383788
10806,BOOKOFF 高知福井店,高知県高知市福井町1212-1,33.5684304,133.50628
10807,BOOKOFF 逗子久木店,神奈川県逗子市久木4-13-25,35.30111841,139.5706922
10808,BOOKOFF 和泉中央店,大阪府和泉市いぶき野5-6-17,34.46096895,135.4596419
10809,BOOKOFF 258号大垣インター店,岐阜県大垣市築捨町4-82,35.33254292,136.621023
10811,BOOKOFF 宇部店,山口県宇部市昭和町4-11-50,33.93342425,131.2574683
10813,BOOKOFF ドン・キホーテ柏駅前店,千葉県柏市柏1-3-1 ドン・キホーテ柏駅前店 4階,35.86069658,139.97126704
10814,BOOKOFF SUPER BAZAAR 彦根店,滋賀県彦根市高宮町1525-1,35.24196444,136.2580132
10815,BOOKOFF 京都亀岡店,京都府亀岡市篠町野条馬場35-1,35.00223696,135.6001286
10817,BOOKOFF 奈良かしはら店,奈良県橿原市葛本町780-1-2,34.52022512,135.8072897
10820,BOOKOFF 津南郊店,三重県津市高茶屋小森町丸田320,34.67213504,136.515993
10821,BOOKOFF 伊賀上野店,三重県伊賀市平野清水645-2,34.77696597,136.1299347
10822,BOOKOFF 三宮センター街店,兵庫県神戸市中央区三宮町2-10-7,34.69092645,135.1914958
10823,BOOKOFF 愛媛大洲店,愛媛県大洲市若宮558-1,33.51720612,132.5487775
10824,BOOKOFF 大館店,秋田県大館市根下戸新町15-33,40.27408013,140.5305939
10825,BOOKOFF 奈良東山店,奈良県生駒市東山町211-11,34.64885503,135.7080339
10829,BOOKOFF 岩出中央店,和歌山県岩出市野上野98-3,34.27501494,135.3163218
10830,BOOKOFF 音更店,北海道河東郡音更町木野大通東12丁目3-1,42.95842279,143.2066438
10831,BOOKOFF PLUS 11号観音寺店,香川県観音寺市吉岡町280-1,34.12602434,133.6875451
10833,BOOKOFF PLUS 駒ヶ根店,長野県駒ヶ根市赤穂971-1,35.74153871,137.91884493
10838,BOOKOFF 足利朝倉店,栃木県足利市朝倉町244-2,36.32196919,139.4497155
10840,BOOKOFF PLUS 堺もず店,大阪府堺市西区北条町1-23-7,34.54514535,135.4878283
10841,BOOKOFF PLUS 一宮尾西店,愛知県一宮市小信中島郷東57,35.31108503,136.7507958
10843,BOOKOFF イオン大久保西SC店,兵庫県明石市魚住町金ヶ崎63-1,34.68800757,134.92902
10844,BOOKOFF 横須賀佐原店,神奈川県横須賀市粟田2-1-3,35.22802105,139.6823907
10845,BOOKOFF 浜松北寺島店,静岡県浜松市中央区北寺島町492-2 バロー北寺島店２F,34.7008329,137.7423503
10846,BOOKOFF 鹿児島天文館店,鹿児島県鹿児島市西千石町17-28,31.58934908,130.5516247
10847,BOOKOFF 神戸西鈴蘭台店,兵庫県神戸市北区南五葉1-6-1,34.72355097,135.1350316
10848,BOOKOFF 厚木戸室店,神奈川県厚木市戸室1-28-17,35.4506139,139.3547422
10849,BOOKOFF SUPER BAZAAR 松本駅前店,長野県松本市深志1-2-30  アルピコプラザ5Ｆ,36.23023021,137.9667121
10851,BOOKOFF 宇都宮インターパーク店,栃木県宇都宮市インターパーク6丁目5-1（スポーツアリーナ インターパークプラスワン内）,36.48808945,139.90553247
10852,BOOKOFF 鹿児島加治木店,鹿児島県姶良市加治木町木田2483-1,31.73535469,130.6469091
10853,BOOKOFF 福岡行橋店,福岡県行橋市西宮市1-12-13,33.72966362,130.9658628
10854,BOOKOFF 新潟亀田インター店,新潟県新潟市中央区姥ケ山76-1,37.88345207,139.0753862
10855,BOOKOFF 春日部豊春店,埼玉県春日部市上蛭田631－2 コモディイイダ豊春店２F,35.96418645,139.7255565
10856,BOOKOFF 千葉イオンマリンピア専門館店,千葉県千葉市美浜区高洲3-21-1 イオンマリンピア専門館２F,35.62862514,140.0751224
10857,BOOKOFF 小山花垣店,栃木県小山市花垣町2-11-29,36.32593405,139.8101074
10858,BOOKOFF 小牧店,愛知県小牧市郷中1-99,35.27951436,136.9210565
10859,BOOKOFF じゃんぼスクエア香芝店,奈良県香芝市												磯壁3-40-1 2F,34.53908085,135.7026722
10860,BOOKOFF 出雲高岡店,島根県出雲市高岡町495,35.36607585,132.7445554
10861,BOOKOFF 西那須野店,栃木県那須塩原市太夫塚6-232-8,36.88472248,139.97354455
10862,BOOKOFF 熊本インター店,熊本県熊本市東区石原1-1-112,32.83837817,130.77741967
10863,BOOKOFF ベイシア沼田モール店,群馬県沼田市久屋原町413,36.66544141,139.10814875
10864,BOOKOFF 本川越店,埼玉県川越市新富町1-9-1,35.91708757,139.48374862
10865,BOOKOFF 飯能双柳店,埼玉県飯能市双柳1485-7,35.85810321,139.34879051
10866,BOOKOFF 大阪熊取店,大阪府泉南郡熊取町野田2-12-5,34.40248465,135.35170141
10867,BOOKOFF 大阪泉佐野羽倉崎店,大阪府泉佐野市羽倉崎1-3105,34.40278648,135.30162253
10868,BOOKOFF 千葉成東店,千葉県山武市成東1808-1,35.59607536,140.39794149
20013,BOOKOFF 青梅店,東京都青梅市新町4-19-5,35.78688837,139.3036813
20016,BOOKOFF 平塚四之宮店,神奈川県平塚市四之宮3-9-1,35.35268633,139.3567356
20020,BOOKOFF PLUS 伊勢原店,神奈川県伊勢原市伊勢原3-5-1,35.39853831,139.3078752
20024,BOOKOFF 川口領家店,埼玉県川口市領家1-11-7,35.79815008,139.7428964
20025,BOOKOFF 玉戸モール店,茨城県筑西市玉戸字山ケ島1018-35,36.2972689,139.9411636
20033,BOOKOFF あすみが丘店,千葉県千葉市緑区あすみが丘1-38-3,35.5303262,140.2653152
20040,BOOKOFF 大宮中川店,埼玉県さいたま市見沼区大字中川202-3,35.90066782,139.6614899
20042,BOOKOFF PLUS 古淵駅前店（本・ソフト館）,神奈川県相模原市南区古淵2-19-14,35.55642989,139.4181082
20050,BOOKOFF 仙台松森店,宮城県仙台市泉区松森字関場13-1,38.30373437,140.9132291
20052,BOOKOFF 八王子堀之内店,東京都八王子市堀之内3-3-1,35.62696341,139.3987348
20058,BOOKOFF 大塚駅前店,東京都豊島区南大塚1-51-11,35.73040351,139.7303011
20069,BOOKOFF 東所沢店,埼玉県所沢市牛沼330,35.79747365,139.4860723
20072,BOOKOFF 7号酒田店,山形県酒田市東町1-9-35,38.90935382,139.8578813
20077,BOOKOFF 札幌前田店,北海道札幌市手稲区前田五条13-3-1,43.12798999,141.2474774
20079,BOOKOFF 横浜あざみ野店,神奈川県横浜市青葉区あざみ野1-4-3,35.56987282,139.5543484
20081,BOOKOFF 下妻市役所前店,茨城県下妻市本城町2-30,36.1835725,139.9668231
20082,BOOKOFF PLUS 大蔵多摩堤通り店,東京都世田谷区大蔵6-20-29,35.62484602,139.6072575
20090,BOOKOFF PLUS 荻窪駅北口店,東京都杉並区天沼3-3-3,35.70571773,139.6205899
20092,BOOKOFF 泉大津店,大阪府泉大津市松之浜町1-1-18,34.51034447,135.4157624
20097,BOOKOFF PLUS 363号尾張旭店,愛知県尾張旭市東本地ヶ原町2-1,35.19872011,137.0415035
20098,BOOKOFF PLUS 熱田国道1号店,愛知県名古屋市熱田区神宮4-8-50,35.12028457,136.9129297
20099,BOOKOFF 安城店,愛知県安城市百石町1-22-1,34.95502854,137.0766591
20102,BOOKOFF 花小金井店,東京都小平市花小金井6-26-13,35.72979737,139.511879
20105,BOOKOFF 藤沢用田店,神奈川県藤沢市用田491-1,35.40276162,139.4225172
20108,BOOKOFF 青森東バイパス店,青森県青森市はまなす2-1-31,40.82655644,140.795405
20109,BOOKOFF 秋田広面店,秋田県秋田市東通4-1-37,39.71285515,140.1421287
20110,BOOKOFF 山形寿店,山形県山形市南原町2-8-4,38.23436004,140.34016043
20111,BOOKOFF 山形桜田店,山形県山形市桜田東1-1-61,38.22194329,140.3200023
20114,BOOKOFF PLUS 池袋要町店,東京都豊島区要町1-10-3,35.73357422,139.6984618
20116,BOOKOFF 13号横手店,秋田県横手市条里3-12-25,39.31415744,140.5555823
20119,BOOKOFF 京都三条駅ビル店,京都府京都市東山区三条通大橋東入大橋町117,35.00934469,135.7726709
20120,BOOKOFF SUPER BAZAAR 川崎モアーズ店,神奈川県川崎市川崎区駅前本町7 岡田屋モアーズ3･6F,35.53056155,139.6996034
20122,BOOKOFF 246川崎梶ヶ谷店,神奈川県川崎市高津区下作延3-7-7 プレミール梶ヶ谷,35.59355578,139.6017024
20123,BOOKOFF 102号弘前高田店,青森県弘前市大字高田5-1-5,40.59622446,140.5050438
20126,BOOKOFF 本庄小島店,埼玉県本庄市小島4-205-1,36.2522037,139.1687384
20127,BOOKOFF PLUS 名古屋千代田橋店,愛知県名古屋市千種区千代田橋2-3-39,35.18647544,136.9725421
20128,BOOKOFF 大和つきみ野店,神奈川県大和市つきみ野4-12-3,35.50903516,139.4605153
20130,BOOKOFF 八王子駅北口店,東京都八王子市旭町12-4,35.65735642,139.3409443
20131,BOOKOFF 米沢中央店,山形県米沢市中央7-4-102,37.92238097,140.1086581
20133,BOOKOFF 東松山松葉店,埼玉県東松山市松葉町3-11-14,36.03938751,139.3926885
20134,BOOKOFF 川崎東有馬店,神奈川県川崎市宮前区東有馬3-23-15,35.57209458,139.5958326
20135,BOOKOFF SUPER BAZAAR 広島大手町店,広島県広島市中区大手町2-7-6,34.39217263,132.4561774
20137,BOOKOFF PLUS 西五反田店,東京都品川区西五反田2-29-5,35.62440158,139.7207944
20148,BOOKOFF SUPER BAZAAR 東千葉祐光店,千葉県千葉市中央区祐光3-2,35.61955347,140.1270285
20151,BOOKOFF ＪＲ本千葉駅前店,千葉県千葉市中央区長洲1-30-1,35.60121942,140.1209348
20152,BOOKOFF SUPER BAZAAR 多摩永山店,東京都多摩市永山6-29,35.61374609,139.4431608
20160,BOOKOFF 武蔵新城店,神奈川県川崎市中原区新城1-14-1,35.58405665,139.6308948
20163,BOOKOFF PLUS 16号相模原上鶴間店,神奈川県相模原市南区上鶴間2-5-2,35.52432208,139.4485765
20164,BOOKOFF 浜田山駅前店,東京都杉並区浜田山3-34-5,35.68229328,139.6264282
20165,BOOKOFF PLUS 札幌屯田店,北海道札幌市北区屯田六条6-3-14,43.13613496,141.3309886
20166,BOOKOFF PLUS 16号相模原富士見店,神奈川県相模原市中央区富士見3-15-1,35.56743287,139.3849419
20169,BOOKOFF 松戸駅西口店,千葉県松戸市本町18-4,35.7848598,139.8993014
20172,BOOKOFF 葛西駅前店,東京都江戸川区中葛西5-34-11,35.6630241,139.8720201
20173,BOOKOFF PLUS 所沢プロぺ通り店,埼玉県所沢市東町12-1,35.78912289,139.4710543
20178,BOOKOFF 西台高島通り店,東京都板橋区高島平1-75-10,35.7864223,139.6695681
20179,BOOKOFF 大和西鶴間店,神奈川県大和市西鶴間1-17-2,35.48900567,139.44940294
20184,BOOKOFF 寒河江市役所前通り店,山形県寒河江市西根字石川西255-12,38.38648573,140.2777541
20185,BOOKOFF 山形天童郵便局前店,山形県天童市糠塚1-2-7,38.36677885,140.3778848
20190,BOOKOFF 練馬光が丘店,東京都練馬区高松4-22-6,35.75239624,139.6254241
20192,BOOKOFF 岐阜オーキッドパーク店,岐阜県岐阜市香蘭2-23 West2F,35.41073116,136.7446375
20195,BOOKOFF PLUS 50号水戸元吉田店,茨城県水戸市元吉田町1320-1,36.34619656,140.4720742
20199,BOOKOFF 新宿靖国通り店,東京都新宿区新宿5-2-1,35.69166662,139.7119144
20200,BOOKOFF 青森石江店,青森県青森市大字石江字三好102-1,40.82591391,140.7119321
20203,BOOKOFF 海老名さがみ野駅前店,神奈川県海老名市東柏ケ谷2-25-25,35.4709623,139.428417
20205,BOOKOFF 茅ヶ崎駅北口店,神奈川県茅ヶ崎市新栄町2-8 共和ビル,35.33024788,139.4044793
20208,BOOKOFF 6号ひたちなか市毛店,茨城県ひたちなか市市毛909-2,36.40097255,140.507416
20209,BOOKOFF 7号能代店,秋田県能代市芝童森5-13,40.19064868,140.0232282
20212,BOOKOFF 新瑞橋駅前店,愛知県名古屋市瑞穂区瑞穂通8-15,35.11719469,136.9370154
20216,BOOKOFF 7号秋田土崎店,秋田県秋田市土崎港北7-178-2,39.76895859,140.0691589
20218,BOOKOFF 豊田朝日店,愛知県豊田市朝日町3-36-1,35.09285918,137.146164
20224,BOOKOFF 長久手グリーンロード店,愛知県長久手市城屋敷1212,35.1715571,137.0425791
20227,BOOKOFF 仙台六丁の目店,宮城県仙台市若林区六丁の目南町2-2,38.25055144,140.9363672
20228,BOOKOFF PLUS 36号札幌美しが丘店,北海道札幌市清田区美しが丘一条5-1-10,42.98550934,141.4554768
20229,BOOKOFF ＪＲ蒲田駅東口店,東京都大田区蒲田5-26-8,35.56263856,139.7200544
20230,BOOKOFF PLUS 札幌川沿店,北海道札幌市南区川沿一条1-3-70,43.00079273,141.3362577
20232,BOOKOFF SUPER BAZAAR 仙台泉古内店,宮城県仙台市泉区古内字新坂の上34-6,38.31883307,140.8440152
20233,BOOKOFF 上野毛店,東京都世田谷区中町3-16-3,35.61428103,139.6447221
20234,BOOKOFF 守谷松前台店,茨城県守谷市松前台2-1-1,35.97078975,139.9707321
20237,BOOKOFF 静岡榛原店,静岡県牧之原市細江2081,34.75438863,138.2397689
20238,BOOKOFF PLUS 東名川崎インター店,神奈川県川崎市宮前区土橋6-1-1,35.58753774,139.573108
20239,BOOKOFF 日立金沢店,茨城県日立市金沢町2-3-24,36.54487126,140.622699
20240,BOOKOFF SUPER BAZAAR 国道1号多摩川大橋店,神奈川県川崎市幸区小向町5-1,35.54944659,139.6941085
20241,BOOKOFF 横浜鴨居店,神奈川県横浜市緑区東本郷6-1-26,35.5117277,139.5746982
20242,BOOKOFF 京都山科西野店,京都府京都市山科区西野山階町25-5,34.98190948,135.8109136
20243,BOOKOFF 和歌山国体道路店,和歌山県和歌山市小雑賀725,34.19959297,135.1854601
20244,BOOKOFF 河内長野寿店,大阪府河内長野市寿町2-6,34.45032958,135.5580286
20246,BOOKOFF 奈良法華寺店,奈良県奈良市法華寺町226,34.68741799,135.8073219
20250,BOOKOFF 弘前城東店,青森県弘前市和泉2-18-2,40.61054201,140.4969029
20252,BOOKOFF 京都宝ヶ池店,京都府京都市左京区岩倉南桑原町54,35.06532952,135.7820479
20257,BOOKOFF 京都東寺駅前店,京都府京都市南区西九条川原城町97,34.97955193,135.7520264
20261,BOOKOFF 浅草稲荷町店,東京都台東区松が谷1-3-5,35.71102746,139.7860741
20263,BOOKOFF 武蔵境連雀通り店,東京都武蔵野市境南町5-5-16,35.69548092,139.5388846
20264,BOOKOFF 堺インター店,大阪府堺市中区八田西町2-21-35,34.51652,135.4825825
20266,BOOKOFF 岩倉大地店,愛知県岩倉市大地町蔵本1-1,35.27578656,136.8642584
20270,BOOKOFF SUPER BAZAAR 横浜瀬谷南台店,神奈川県横浜市瀬谷区南台1-45-2,35.46438198,139.4878161
20272,BOOKOFF 名古屋味鋺店,愛知県名古屋市北区楠5-101,35.22406954,136.9255764
20274,BOOKOFF つくばテクノパーク桜店,茨城県つくば市桜1-12-1,36.10963576,140.1091254
20276,BOOKOFF 足立加平インター店,東京都足立区加平2-3,35.77797845,139.8260278
20278,BOOKOFF 平塚豊田店,神奈川県平塚市豊田本郷1731,35.35780333,139.3262219
20279,BOOKOFF PLUS 横浜伊勢佐木モール店,神奈川県横浜市中区伊勢佐木町1-7-7,35.44426583,139.6321704
20281,BOOKOFF PLUS 藤沢大庭店,神奈川県藤沢市大庭5454-5,35.36888512,139.4520474
20282,BOOKOFF SUPER BAZAAR 171号尼崎西昆陽店,兵庫県尼崎市西昆陽1-27-8,34.76924864,135.3805853
20283,BOOKOFF 広島海田店,広島県安芸郡海田町大正町3-31,34.36898088,132.5322663
20287,BOOKOFF 6号南柏店,千葉県流山市松ケ丘3-301-1,35.84420829,139.947778
20289,BOOKOFF 自由が丘駅前店 / Rehello by BOOKOFF 自由が丘駅前店,東京都目黒区自由が丘2-11-23,35.6078262,139.6678563
20290,BOOKOFF 富士吉田店,山梨県富士吉田市新西原5-1-8,35.48692608,138.7852623
20292,BOOKOFF 前橋広瀬店,群馬県前橋市天川大島町29-1,36.3647895,139.1093559
20293,BOOKOFF 藤岡店,群馬県藤岡市中大塚367,36.24572675,139.0615608
20296,BOOKOFF 館林店,群馬県館林市大手町5-24,36.24609556,139.5393128
20298,BOOKOFF 座間警察署前店,神奈川県座間市入谷西2丁目60-11,35.48179223,139.3930888
20299,BOOKOFF 岡山西長瀬店,岡山県岡山市北区西長瀬1208-20,34.64856755,133.8782661
20303,BOOKOFF 函館昭和店,北海道函館市昭和1-28-1,41.81981168,140.7428741
20308,BOOKOFF 6号松戸馬橋店,千葉県松戸市馬橋2276-3,35.81003736,139.9213741
20310,BOOKOFF 250号東岡山店,岡山県岡山市中区神下136-2,34.67644026,133.9804015
20311,BOOKOFF 四日市阿倉川店,三重県四日市市城山町1627-1,34.98587247,136.6306298
20313,BOOKOFF 港北綱島西店,神奈川県横浜市港北区綱島西2-12-8,35.53622462,139.6311042
20314,BOOKOFF 福岡博多口店,福岡県福岡市博多区博多駅前3-2-8 住友生命ビル,33.58780271,130.4182354
20315,BOOKOFF 岡山妹尾店,岡山県岡山市南区妹尾2620-1,34.61688925,133.8637087
20316,BOOKOFF 20号山梨石和広瀬店,山梨県笛吹市石和町広瀬1374-147,35.64411013,138.620681
20317,BOOKOFF 武蔵小山パルム店,東京都品川区荏原3-3-17,35.61792484,139.7067496
20328,BOOKOFF さいたま円正寺店,埼玉県さいたま市南区円正寺399-1,35.85375677,139.6967227
20331,BOOKOFF 箕面市役所前店,大阪府箕面市西小路3-2-1,34.82709573,135.4721837
20335,BOOKOFF 戸田新曽店,埼玉県戸田市新曽1379,35.81619885,139.6643148
20336,BOOKOFF 高槻栄店,大阪府高槻市栄町2-19-1,34.82839703,135.6026352
20337,BOOKOFF 西宮北口店,兵庫県西宮市芦原町9-18,34.74203322,135.3534606
20340,BOOKOFF 山梨双葉響ヶ丘店,山梨県甲斐市龍地3296-3,35.68350278,138.5083551
20341,BOOKOFF 岡山東古松店,岡山県岡山市北区東古松485-4,34.64314479,133.9127204
20344,BOOKOFF 調布駅南口店,東京都調布市布田4-20-2,35.64870257,139.5434296
20345,BOOKOFF 大阪心斎橋店,大阪府大阪市中央区南船場3-6-21,34.67649441,135.5015658
20347,BOOKOFF 三田寺村店,兵庫県三田市寺村町4538,34.87989292,135.2299868
20351,BOOKOFF 岡崎井ノ口店,愛知県岡崎市青木町2-1,34.99335806,137.1660988
20352,BOOKOFF 岡崎上地店,愛知県岡崎市上地3-49-9,34.91285721,137.1682573
20354,BOOKOFF 雪が谷大塚店,東京都大田区南雪谷2-17-9,35.59095559,139.680206
20359,BOOKOFF 盛岡茶畑店,岩手県盛岡市茶畑2-11-16,39.69144994,141.1656177
20361,BOOKOFF 広島己斐本町店,広島県広島市西区己斐本町3-11-12,34.39423473,132.4254656
20366,BOOKOFF ひたちなか馬渡店,茨城県ひたちなか市馬渡2565-9,36.39891737,140.5602195
20367,BOOKOFF 43号東灘住吉南店,兵庫県神戸市東灘区住吉南町2-10-18,34.71074836,135.2631389
20370,BOOKOFF 和歌山次郎丸店,和歌山県和歌山市次郎丸90,34.25389441,135.1471703
20371,BOOKOFF 尼崎東園田店,兵庫県尼崎市東園田町4-6-1,34.75748779,135.4463153
20372,BOOKOFF 千葉花見川店,千葉県千葉市花見川区作新台6-13-1,35.68868023,140.0879134
20374,BOOKOFF 札幌南2条店,北海道札幌市中央区南二条西1-3,43.05844739,141.3561039
20379,BOOKOFF SUPER BAZAAR 横浜東戸塚オリンピック店,神奈川県横浜市戸塚区川上町52-1,35.42772603,139.5550049
20381,BOOKOFF イオンモール成田店,千葉県成田市ウイング土屋24,35.79565604,140.3187491
20383,BOOKOFF 西川口駅東口店,埼玉県川口市並木2-21-1,35.81529817,139.705249
20387,BOOKOFF 246三軒茶屋店,東京都世田谷区太子堂1-12-27,35.64415851,139.6731356
20394,BOOKOFF アクロスプラザ久喜店,埼玉県久喜市本町7-7-31,36.07588979,139.6666966
20396,BOOKOFF 秋葉原駅前店,東京都千代田区神田佐久間町1-6-4,35.69767703,139.7734786
20397,BOOKOFF PLUS 高崎上大類店,群馬県高崎市上大類町820-2,36.33600903,139.0272467
20400,BOOKOFF 板橋前野店,東京都板橋区前野町4-19-1,35.77005293,139.6908568
20404,BOOKOFF アクロスプラザ東神奈川店,神奈川県横浜市神奈川区西寺尾1-16-15,35.50083399,139.6439112
20407,BOOKOFF 蒲郡旭町店,愛知県蒲郡市旭町13-11,34.82644043,137.2159236
20408,BOOKOFF 豊田下林店,愛知県豊田市下林町1-6,35.07071334,137.1596947
20409,BOOKOFF PLUS MINANO分倍河原店,東京都府中市片町3-22-26 MINANO2F,35.66703704,139.4695366
20411,BOOKOFF 4号せんげん台店,埼玉県越谷市千間台東3-1-20,35.93345328,139.7782297
20413,BOOKOFF PLUS 町田旭町店,東京都町田市旭町1-16-12,35.55385822,139.4418958
20416,BOOKOFF SUPER BAZAAR 54号広島八木店,広島県広島市安佐南区八木2-16-5,34.47746419,132.4910018
20418,BOOKOFF 寒川大曲店,神奈川県高座郡寒川町大曲3-11-5,35.35753578,139.3931998
20419,BOOKOFF 向ヶ丘遊園駅前店,神奈川県川崎市多摩区登戸2102-1,35.61738498,139.565744
20420,BOOKOFF 千葉おゆみ野店,千葉県千葉市緑区おゆみ野中央2-3-1,35.55432926,140.1600002
20421,BOOKOFF SUPER BAZAAR 鎌倉大船店,神奈川県鎌倉市大船6-1-1,35.35344429,139.5381356
20422,BOOKOFF 池袋サンシャイン60通り店,東京都豊島区東池袋1-22-10 ヒューマックスパビリオン,35.72970597,139.7157376
20423,BOOKOFF SUPER BAZAAR カインズモール名古屋みなと店,愛知県名古屋市港区一州町1-3 カインズホーム2F,35.09157729,136.8665188
20424,BOOKOFF SUPER BAZAAR 町田中央通り店（本・ホビー館）,東京都町田市原町田4-4-8,35.54204832,139.4483531
20426,BOOKOFF ロッテシティ錦糸町店,東京都墨田区錦糸4-6-1 ロッテシティ3F,35.69751483,139.8154613
20427,BOOKOFF PLUS ザ･ビッグ昭島店,東京都昭島市宮沢町500-1 イオン昭島ショッピングセンター2F,35.71626216,139.3730488
20428,BOOKOFF PLUS パサージオ西新井店,東京都足立区西新井栄町1-17-1,35.77572315,139.7895464
20430,BOOKOFF SUPER BAZAAR 大宮ステラタウン店,埼玉県さいたま市北区宮原町1-853-1 ステラタウン3街区 北側別館2F,35.93356028,139.6217453
20431,BOOKOFF SUPER BAZAAR 409号川崎港町店,神奈川県川崎市川崎区港町12-1,35.53355801,139.7178931
20432,BOOKOFF 新百合丘オーパ店,神奈川県川崎市麻生区上麻生1-1-1 新百合丘オーパ 4F,35.60377802,139.5084513
20433,BOOKOFF SUPER BAZAAR 荒川沖店,茨城県稲敷郡阿見町住吉2-8-7,36.03612345,140.1738866
20434,BOOKOFF 横浜ビブレ店,神奈川県横浜市西区南幸2-15-13 横浜ビブレ8F,35.46497288,139.6183029
20436,BOOKOFF 名古屋平針店（本・ソフト館）,愛知県名古屋市天白区 平針2-1810,35.12290474,137.0052413
20439,BOOKOFF 豊田柿本店,愛知県豊田市東新町5-40-1,35.07870821,137.123018
20441,BOOKOFF 名古屋豊国通店,愛知県名古屋市中村区豊国通4-5,35.16266605,136.8549099
20442,BOOKOFF 豊川諏訪西店,愛知県豊川市諏訪西町2-253-1,34.82927554,137.3637976
20444,BOOKOFF 愛知高浜店,愛知県高浜市湯山町6-5-11,34.92983938,136.9974807
20445,BOOKOFF 一宮妙興寺店,愛知県一宮市花池4-9-7,35.28759412,136.8005672
20446,BOOKOFF 牛久栄店,茨城県牛久市栄町6-44,35.98581633,140.1479097
20449,BOOKOFF SUPER BAZAAR 栄スカイル店,愛知県名古屋市中区栄3-4-5 栄スカイル8F,35.16851891,136.906306
20450,BOOKOFF 鶴見駅西口店,神奈川県横浜市鶴見区豊岡町15-29,35.50913316,139.6746304
20451,BOOKOFF 伊丹大鹿店,兵庫県伊丹市大鹿7-34,34.78805192,135.4072777
20452,BOOKOFF SUPER BAZAAR 248号西友岡崎店,愛知県岡崎市戸崎町越舞2-1,34.93152263,137.1654497
20454,BOOKOFF 吉祥寺駅北口店,東京都武蔵野市吉祥寺本町1-13-2 白樺ビル1階-4階,35.70480071,139.580697
20457,BOOKOFF PLUS なんば戎橋店,大阪府大阪市中央区難波1-5-16 大阪B&Vビル2・3F,34.66764863,135.5015742
20458,BOOKOFF ヴィータモールせいせき店,東京都多摩市関戸4-72 ヴィータモールせいせき6F,35.64963074,139.4471497
20459,BOOKOFF SUPER BAZAAR 17号前橋リリカ店,群馬県前橋市国領町2-14-1 前橋リリカ3F,36.40462432,139.0680733
20461,BOOKOFF PLUS 河原町オーパ店,京都府京都市中京区河原町通四条上ル 河原町オーパ8F,35.00447612,135.7689233
20462,BOOKOFF SUPER BAZAAR ららぽーとTOKYO-BAY North Gate店,千葉県船橋市浜町2-2-7 ららぽーとTOKYO-BAY North Gate3F,35.68734780,139.99313637
20463,BOOKOFF SUPER BAZAAR 258号イオン桑名店,三重県桑名市新西方1-35 イオンモール桑名3番館2F,35.07064741,136.6628233
20465,BOOKOFF SUPER BAZAAR 立川駅北口店,東京都立川市曙町2-7-17,35.69994909,139.4138785
20466,BOOKOFF SUPER BAZAAR 松戸駅東口店,千葉県松戸市松戸1230-1 ピアザ松戸4F、5F、6F,35.783666,139.9008764
20467,BOOKOFF SUPER BAZAAR 綱島樽町店,神奈川県横浜市港北区樽町3-12-25,35.53207544,139.6413955
20468,BOOKOFF PLUS 上野広小路店,東京都台東区上野4-4-4,35.70828301,139.7734825
20470,BOOKOFF SUPER BAZAAR Luz湘南辻堂店,神奈川県藤沢市辻堂神台1-2-12 Luz湘南辻堂3F,35.33831943,139.4479329
20471,BOOKOFF 京都太秦店,京都府京都市右京区常盤一ノ井町5-1,35.01829917,135.7115836
20472,BOOKOFF PLUS 新宿駅西口店,東京都新宿区西新宿1-10-2 110ビル3F～6F,35.68954193,139.6984215
20473,BOOKOFF 東海荒尾店,愛知県東海市荒尾町見幕88 エディオン2F,35.03983876,136.9175702
20475,BOOKOFF SUPER BAZAAR 守口ジャガータウン店,大阪府守口市佐太東町2-9-10 ジャガータウンイースト1・2F,34.75877666,135.5898611
20478,BOOKOFF SUPER BAZAAR 407号太田飯塚店,群馬県太田市飯塚町1961-1,36.28102896,139.3763948
20479,BOOKOFF SUPER BAZAAR 1号四日市日永店,三重県四日市市日永3-1-4,34.95003648,136.6079364
20480,BOOKOFF PLUS アミューあつぎ店,神奈川県厚木市中町2-12-15 アミューあつぎ4F,35.44245115,139.3656943
20481,BOOKOFF PLUS 大宮ラクーン店,埼玉県さいたま市大宮区宮町1-60 大宮ラクーン7F,35.90777137,139.6257391
20482,BOOKOFF SUPER BAZAAR 17号鴻巣吹上店,埼玉県鴻巣市新宿2-193,36.11393198,139.4402977
20483,BOOKOFF 大和郡山小泉店,奈良県大和郡山市小泉町19-1,34.6322385,135.7622964
20484,BOOKOFF 大阪千島ガーデンモール店,大阪府大阪市大正区千島1-23-115,34.65232763,135.4753781
20485,BOOKOFF 北九州戸畑一枝店,福岡県北九州市戸畑区土取町2-18,33.88709546,130.8418941
20487,BOOKOFF SUPER BAZAAR 14号千葉幕張店,千葉県千葉市花見川区幕張町4-544-6,35.65728155,140.050198
20488,BOOKOFF PLUS 名古屋ヤマナカ新中島店,愛知県名古屋市中川区中島新町2-202 ヤマナカ新中島店2F,35.12735603,136.8538129
20489,BOOKOFF PLUS ドン・キホーテ秋田店,秋田県秋田市旭北錦町4-58,39.71485275,140.1090415
20490,BOOKOFF 唐津店,佐賀県唐津市町田1-16-13,33.44009442,129.9644228
20491,BOOKOFF 伊万里店,佐賀県伊万里市新天町2-5,33.26872925,129.8806913
20492,BOOKOFF 佐賀鍋島店,佐賀県佐賀市鍋島町大字八戸溝957-1,33.26526848,130.2718263
20493,BOOKOFF 大橋駅西口店,福岡県福岡市南区大橋1-17-1,33.55912864,130.4249946
20494,BOOKOFF 福岡六本松店,福岡県福岡市中央区六本松2-2-11,33.5789331,130.3794894
20495,BOOKOFF 3号バイパス新宮店,福岡県糟屋郡新宮町新宮東5-12-1,33.70193316,130.453207
20497,BOOKOFF PLUS 田富昭和通り店,山梨県中央市山之神3356-1,35.61084919,138.5192798
20499,BOOKOFF 稲毛マルエツ店,千葉県千葉市稲毛区小仲台7－2－1 マルエツ稲毛店2F,35.64086283,140.0904455
20500,BOOKOFF 東大和仲原店,東京都東大和市仲原4-2-3,35.74639082,139.4355587
20501,BOOKOFF SUPER BAZAAR 307号枚方池之宮店,大阪府枚方市池之宮1-2-50,34.8138266,135.6726811
20502,BOOKOFF PLUS 286号仙台鈎取店,宮城県仙台市太白区鈎取本町1-21-2,38.21966385,140.8375234
20503,BOOKOFF SUPER BAZAAR 西友高針店,愛知県名古屋市名東区牧の里1-401 西友高針3F,35.15435969,137.0067916
20504,BOOKOFF SUPER BAZAAR 西友鳴海店,愛知県名古屋市緑区黒沢台4-801 西友鳴海2F,35.09806014,136.9921003
20505,BOOKOFF SUPER BAZAAR ショップス市川店,千葉県市川市鬼高3-28-16 ショップス2階,35.70892272,139.9369322
20506,BOOKOFF SUPER BAZAAR アクロスプラザ佐世保店,長崎県佐世保市藤原町20-7 アクロスプラザ佐世保2階,33.16001081,129.7429314
20507,BOOKOFF 42号松阪久米店,三重県松阪市久米町1151-1,34.59828771,136.5197288
20508,BOOKOFF SUPER BAZAAR 西友大森店,東京都品川区南大井6-27-25 西友大森3F,35.58809441,139.7301506
20509,BOOKOFF SUPER BAZAAR ノースポート･モール店,神奈川県横浜市都筑区中川中央1-25-1 ノースポート･モール1F,35.55164396,139.5794565
20511,BOOKOFF 木更津太田店,千葉県木更津市太田4-15-1,35.37697385,139.9440741
20512,BOOKOFF 16号袖ヶ浦店,千葉県袖ヶ浦市福王台3-23-1,35.42955781,139.9651007
20514,BOOKOFF SUPER BAZAAR 広島段原店,広島県広島市南区段原南1-3-52  広島段原ショッピングセンター,34.38509585,132.4758425
20515,BOOKOFF SUPER BAZAAR 5号札幌宮の沢店,北海道札幌市手稲区西宮の沢五条2-11-15,43.09653805,141.2573211
20516,BOOKOFF SUPER BAZAAR イトーヨーカドー流山店,千葉県流山市流山9-800-2 イトーヨーカドー流山店 ３F,35.8502184,139.8993713
20517,BOOKOFF 曳舟店,東京都墨田区東向島2-48-13 第3丸重ハイツ1･2F,35.71958852,139.8193613
20518,BOOKOFF SUPER BAZAAR 水戸姫子店,茨城県水戸市姫子2-769-4,36.37905249,140.4256742
20519,BOOKOFF SUPER BAZAAR アグロガーデン神戸駒ヶ林店,兵庫県神戸市長田区南駒栄町1-7,34.65073368,135.1516764
20520,BOOKOFF SUPER BAZAAR 25号八尾永畑店,大阪府八尾市永畑町2-2-18,34.61249243,135.5965501
20521,BOOKOFF 綾瀬駅前店,東京都足立区綾瀬3-2-8 シティプレイスアヤセ2F,35.76245348,139.8244279
20522,BOOKOFF SUPER BAZAAR 1号京都伏見店,京都府京都市伏見区横大路芝生1,34.93069605,135.7453361
20523,BOOKOFF 大泉学園駅前店,東京都練馬区東大泉1-26-15,35.74902228,139.5883926
20524,BOOKOFF 大野城御笠川店,福岡県大野城市御笠川4-13-26,33.5472916,130.4833373
20526,BOOKOFF 鈴鹿ハンター店,三重県鈴鹿市算所2-5-1 鈴鹿ハンタ ーショッピングセ ンター2F,34.8738073,136.5457172
20527,BOOKOFF イオン本牧店,神奈川県横浜市中区本牧原7-1 イオン本牧 5F,35.42549823,139.6670708
20528,BOOKOFF SUPER BAZAAR PAPA上尾店,埼玉県上尾市緑丘3-3-11 P・A・P・A上尾ショッピングアヴェニュープリンス棟2F,35.98718649,139.5799477
20529,BOOKOFF SUPER BAZAAR ミーナ天神店,福岡県福岡市中央区天神４丁目３−８ ミーナ天神 7F,33.59279031,130.3985098
20530,BOOKOFF イオン山形北店,山形県山形市馬見ヶ崎2-12-19 イオン山形北 2F,38.28286604,140.330841
20531,BOOKOFF PLUS 千葉仁戸名店,千葉県千葉市中央区仁戸名町720-34,35.57676016,140.1678896
20532,BOOKOFF 江古田店,東京都練馬区栄町2-12,35.7367669,139.6715155
20533,BOOKOFF 東中野店,東京都中野区東中野3-9-21,35.70770756,139.6831178
20534,BOOKOFF 高田馬場北店,東京都豊島区高田3-14-29,35.71509938,139.7051357
20535,BOOKOFF PLUS ヨシヅヤ新稲沢店,愛知県稲沢市朝府町4-1 ヨシヅヤ新稲沢店2F,35.25125644,136.7787373
20536,BOOKOFF DCM上磯店,北海道北斗市七重浜7-12-1	 DCM上磯店 ２F,41.81802834,140.6972381
20537,BOOKOFF PLUS 日立駅前店,茨城県日立市幸町1-16-1 ヒタチエ 3階,36.59182379,140.658966
20538,BOOKOFF イオン橋本店,神奈川県相模原市緑区橋本6-2-1  イオン橋本 4F,35.5963632,139.3448195
20539,BOOKOFF 武蔵小金井店,東京都小金井市貫井北町 2-11-3,35.70641665,139.4996714
20540,BOOKOFF 鳥栖店,佐賀県鳥栖市古賀町23,33.38277696,130.499601
20541,BOOKOFF イオンモール大牟田店,福岡県大牟田市岬町3番４ イオンモール大牟田 2F 2048区画,33.03060835,130.4281052
20542,BOOKOFF イトーヨーカドー溝ノ口店,神奈川県川崎市高津区久本3丁目6-20 イトーヨーカドー溝ノ口店 3階,35.59898378,139.615909
20543,BOOKOFF 金沢諸江店,石川県金沢市諸江町中丁184-1,36.59507867,136.6444736
20544,BOOKOFF イオンタウン金沢駅西本町店,石川県金沢市 駅西本町5-2-13 イオンタウン金沢駅西本町,36.5836607,136.6300539
20545,BOOKOFF SUPER BAZAAR 甲府貢川店,山梨県甲府市富竹1丁目10-33,35.65755715,138.5464065
20546,BOOKOFF イトーヨーカドー東村山店,東京都東村山市本町2-2-19 3階,35.75875980,139.46652492
20547,BOOKOFF チャチャタウン小倉店,福岡県北九州市小倉北区砂津3‐1‐1  2階,33.88332874,130.88865610
20548,BOOKOFF SUPER BAZAAR 草加セーモンプラザ店,埼玉県草加市清門1丁目401‐１ セーモンプラザ２F,35.85375513,139.78425018
20549,BOOKOFF リヴィン田無店,東京都西東京市田無町2-1-1 LIVIN田無 5F,35.72838180,139.54015584
20550,BOOKOFF 仙台クリスロード店,宮城県仙台市青葉区中央2-4-10 ガレリアクリスロード 1F-4F,38.26131528,140.87488275
20551,BOOKOFF SUPER BAZAAR イトーヨーカドー八王子店,東京都八王子市狭間町1462-1 イトーヨーカドー八王子店 3F,35.63791672,139.29343596
20552,BOOKOFF SUPER BAZAAR トライアル伊勢崎中央店_2025年11月6日(木)グランドオープン！,群馬県伊勢崎市連取元町121-3 メガセンタートライアル伊勢崎中央店 2階,36.31633984,139.18172626
20553,BOOKOFF シーナシーナ琴似店_2025年12月10日(水)グランドオープン！,北海道札幌市西区琴似2条１丁目４－１ ３F,43.08069119,141.30595384
20554,BOOKOFF 深谷田所店,埼玉県深谷市田所町14,36.19620999,139.27497472
20555,BOOKOFF SUPER BAZAAR ゆめまち習志野台モール店_2026年2月5日(木)グランドオープン！,千葉県船橋市習志野台8丁目58-1 ゆめまち習志野台モール2F,35.71800935,140.06527330
20556,BOOKOFF SUPER BAZAAR ユーカリが丘スカイプラザ店_2026年6月26日(金)グランドオープン！,千葉県佐倉市ユーカリが丘4-1 スカイプラザ・モール2F,35.72370580,140.15572357
20557,BOOKOFF SUPER BAZAAR 野田店_2026年4月9日(木)グランドオープン！,千葉県野田市中根新田字鹿島原57番1,35.94927169448055,139.87543757071185
20558,BOOKOFF SUPER BAZAAR 豊中三国店_2026年6月25日(木)グランドオープン！,大阪府豊中市日出町2‐2‐18 エディオン豊中店 3F,34.74141150,135.47919960
20559,BOOKOFF イオン吹田店_2026年7月27日(月)グランドオープン！,大阪府吹田市朝日町２−１０１ イオン吹田４F,34.76318207,135.52542559
20560,BOOKOFF PLUS 古川バイパス店,宮城県大崎市古川大宮8-8-17,38.58935229,140.95623473
20561,BOOKOFF 瑞江駅北口店,東京都江戸川区瑞江2-5-3,35.69395816,139.89730166
20562,BOOKOFF イオン福岡東店_2026年9月11日(金)グランドオープン！,福岡県糟屋郡志免町別府北2－14－1 イオン福岡東ショッピングセンター2階,33.60800853,130.45300297
